i,time_lagos,side,entry,sl,tp,atr,R,outcome,equity_before,risk_usd,pnl_usd,equity_after
1,2025-07-28T01:35:00+01:00,buy,1.17576,1.17547,1.17664,0.0002,3.0,TP,100.0,1.0,3.0,103.0
2,2025-07-28T01:37:00+01:00,buy,1.17601,1.17571,1.17691,0.0002,-1.0,SL,103.0,1.03,-1.03,101.97
3,2025-07-28T01:38:00+01:00,buy,1.17597,1.17567,1.17686,0.0002,-1.0,SL,101.97,1.02,-1.02,100.95
4,2025-07-28T22:05:00+01:00,sell,1.15863,1.15888,1.15789,0.00017,-1.0,SL,100.95,1.01,-1.01,99.94
5,2025-07-29T04:49:00+01:00,sell,1.15894,1.1591,1.15847,0.0001,3.0,TP,99.94,1.0,3.0,102.94
6,2025-07-29T04:51:00+01:00,sell,1.15885,1.159,1.1584,0.0001,-1.0,SL,102.94,1.03,-1.03,101.91
7,2025-07-29T04:52:00+01:00,sell,1.15886,1.15902,1.15839,0.0001,-1.0,SL,101.91,1.02,-1.02,100.89
8,2025-07-29T04:53:00+01:00,sell,1.15882,1.15898,1.15834,0.00011,-1.0,SL,100.89,1.01,-1.01,99.88
9,2025-07-29T04:54:00+01:00,sell,1.15851,1.1587,1.15795,0.00012,-1.0,SL,99.88,1.0,-1.0,98.88
10,2025-07-29T04:55:00+01:00,sell,1.15856,1.15876,1.15796,0.00013,-1.0,SL,98.88,0.99,-0.99,97.89
11,2025-07-29T04:58:00+01:00,sell,1.15851,1.15871,1.15791,0.00013,-1.0,SL,97.89,0.98,-0.98,96.92
12,2025-07-29T04:59:00+01:00,sell,1.15846,1.15866,1.15786,0.00013,-1.0,SL,96.92,0.97,-0.97,95.95
13,2025-07-29T07:31:00+01:00,sell,1.15889,1.15902,1.1585,9e-05,3.0,TP,95.95,0.96,2.88,98.82
14,2025-07-29T07:32:00+01:00,sell,1.15865,1.1588,1.1582,0.0001,3.0,TP,98.82,0.99,2.96,101.79
15,2025-07-29T07:33:00+01:00,sell,1.15861,1.15876,1.15816,0.0001,3.0,TP,101.79,1.02,3.05,104.84
16,2025-07-29T07:34:00+01:00,sell,1.15864,1.15879,1.15819,0.0001,3.0,TP,104.84,1.05,3.15,107.99
17,2025-07-29T07:35:00+01:00,sell,1.15846,1.15862,1.15797,0.00011,3.0,TP,107.99,1.08,3.24,111.23
18,2025-07-29T07:36:00+01:00,sell,1.1582,1.15838,1.15765,0.00012,-1.0,SL,111.23,1.11,-1.11,110.12
19,2025-07-29T07:37:00+01:00,sell,1.15831,1.15851,1.15772,0.00013,-1.0,SL,110.12,1.1,-1.1,109.01
20,2025-07-29T07:38:00+01:00,sell,1.15816,1.15836,1.15756,0.00013,-1.0,SL,109.01,1.09,-1.09,107.92
21,2025-07-29T08:11:00+01:00,sell,1.15805,1.15823,1.15751,0.00012,3.0,TP,107.92,1.08,3.24,111.16
22,2025-07-29T08:13:00+01:00,sell,1.15802,1.15819,1.15751,0.00011,3.0,TP,111.16,1.11,3.33,114.5
23,2025-07-29T08:16:00+01:00,sell,1.1578,1.15798,1.15726,0.00012,-1.0,SL,114.5,1.14,-1.14,113.35
24,2025-07-29T08:17:00+01:00,sell,1.15758,1.15778,1.15699,0.00013,-1.0,SL,113.35,1.13,-1.13,112.22
25,2025-07-29T08:18:00+01:00,sell,1.15758,1.15779,1.15694,0.00014,-1.0,SL,112.22,1.12,-1.12,111.1
26,2025-07-29T08:19:00+01:00,sell,1.1576,1.15782,1.15695,0.00015,-1.0,SL,111.1,1.11,-1.11,109.98
27,2025-07-29T10:26:00+01:00,sell,1.15769,1.15799,1.1568,0.0002,3.0,TP,109.98,1.1,3.3,113.28
28,2025-07-29T10:28:00+01:00,sell,1.1576,1.15791,1.15667,0.00021,3.0,TP,113.28,1.13,3.4,116.68
29,2025-07-29T10:29:00+01:00,sell,1.1573,1.15762,1.15634,0.00021,3.0,TP,116.68,1.17,3.5,120.18
30,2025-07-29T10:30:00+01:00,sell,1.15708,1.1574,1.15611,0.00022,3.0,TP,120.18,1.2,3.61,123.79
31,2025-07-29T10:31:00+01:00,sell,1.15706,1.15737,1.15612,0.00021,3.0,TP,123.79,1.24,3.71,127.5
32,2025-07-29T10:33:00+01:00,sell,1.15646,1.15681,1.1554,0.00023,3.0,TP,127.5,1.28,3.83,131.33
33,2025-07-29T10:34:00+01:00,sell,1.15584,1.15628,1.15451,0.00029,-1.0,SL,131.33,1.31,-1.31,130.01
34,2025-07-29T10:35:00+01:00,sell,1.15571,1.15616,1.15437,0.0003,-1.0,SL,130.01,1.3,-1.3,128.71
35,2025-07-29T10:50:00+01:00,sell,1.15548,1.15597,1.15402,0.00033,3.0,TP,128.71,1.29,3.86,132.58
36,2025-07-29T10:55:00+01:00,sell,1.15428,1.15489,1.15244,0.00041,-1.0,SL,132.58,1.33,-1.33,131.25
37,2025-07-29T10:56:00+01:00,sell,1.15441,1.15502,1.15259,0.0004,-1.0,SL,131.25,1.31,-1.31,129.94
38,2025-07-29T10:57:00+01:00,sell,1.15348,1.15415,1.15147,0.00045,-1.0,SL,129.94,1.3,-1.3,128.64
39,2025-07-29T10:58:00+01:00,sell,1.15358,1.15424,1.1516,0.00044,-1.0,SL,128.64,1.29,-1.29,127.35
40,2025-07-29T10:59:00+01:00,sell,1.15331,1.15396,1.15135,0.00044,-1.0,SL,127.35,1.27,-1.27,126.08
41,2025-07-29T11:10:00+01:00,sell,1.15279,1.15353,1.15057,0.00049,-1.0,SL,126.08,1.26,-1.26,124.82
42,2025-07-29T11:38:00+01:00,sell,1.15327,1.15372,1.15191,0.0003,-1.0,SL,124.82,1.25,-1.25,123.57
43,2025-07-29T17:00:00+01:00,sell,1.15247,1.15285,1.15133,0.00025,-1.0,SL,123.57,1.24,-1.24,122.33
44,2025-07-29T17:01:00+01:00,sell,1.15233,1.15272,1.15117,0.00026,-1.0,SL,122.33,1.22,-1.22,121.11
45,2025-07-29T17:10:00+01:00,sell,1.15225,1.15264,1.15109,0.00026,-1.0,SL,121.11,1.21,-1.21,119.9
46,2025-07-29T17:12:00+01:00,sell,1.15216,1.15255,1.15099,0.00026,-1.0,SL,119.9,1.2,-1.2,118.7
47,2025-07-29T17:35:00+01:00,sell,1.15202,1.15239,1.1509,0.00025,-1.0,SL,118.7,1.19,-1.19,117.51
48,2025-07-30T10:03:00+01:00,sell,1.15446,1.1547,1.15373,0.00016,-1.0,SL,117.51,1.18,-1.18,116.34
49,2025-07-30T10:04:00+01:00,sell,1.15409,1.15437,1.15326,0.00018,-1.0,SL,116.34,1.16,-1.16,115.17
50,2025-07-30T10:05:00+01:00,sell,1.15413,1.15441,1.15328,0.00019,-1.0,SL,115.17,1.15,-1.15,114.02
51,2025-07-30T14:36:00+01:00,sell,1.15386,1.15407,1.15323,0.00014,3.0,TP,114.02,1.14,3.42,117.44
52,2025-07-30T14:37:00+01:00,sell,1.15361,1.15384,1.15291,0.00016,-1.0,SL,117.44,1.17,-1.17,116.27
53,2025-07-30T14:38:00+01:00,sell,1.1533,1.15355,1.15254,0.00017,-1.0,SL,116.27,1.16,-1.16,115.11
54,2025-07-30T15:03:00+01:00,sell,1.15375,1.15401,1.15296,0.00018,3.0,TP,115.11,1.15,3.45,118.56
55,2025-07-30T15:07:00+01:00,sell,1.15339,1.15365,1.15262,0.00017,3.0,TP,118.56,1.19,3.56,122.12
56,2025-07-30T15:08:00+01:00,sell,1.15304,1.15332,1.1522,0.00019,-1.0,SL,122.12,1.22,-1.22,120.9
57,2025-07-30T15:09:00+01:00,sell,1.15311,1.15339,1.15226,0.00019,-1.0,SL,120.9,1.21,-1.21,119.69
58,2025-07-30T15:33:00+01:00,sell,1.15269,1.15292,1.15201,0.00015,-1.0,SL,119.69,1.2,-1.2,118.49
59,2025-07-30T15:35:00+01:00,sell,1.15245,1.15269,1.15174,0.00016,-1.0,SL,118.49,1.18,-1.18,117.3
60,2025-07-30T15:36:00+01:00,sell,1.15247,1.15271,1.15174,0.00016,-1.0,SL,117.3,1.17,-1.17,116.13
61,2025-07-30T15:38:00+01:00,sell,1.15217,1.15241,1.15144,0.00016,-1.0,SL,116.13,1.16,-1.16,114.97
62,2025-07-30T16:10:00+01:00,sell,1.15244,1.15273,1.15157,0.00019,3.0,TP,114.97,1.15,3.45,118.42
63,2025-07-30T16:11:00+01:00,sell,1.15247,1.15275,1.15162,0.00019,3.0,TP,118.42,1.18,3.55,121.97
64,2025-07-30T16:13:00+01:00,sell,1.15199,1.1523,1.15107,0.0002,3.0,TP,121.97,1.22,3.66,125.63
65,2025-07-30T16:14:00+01:00,sell,1.1519,1.15221,1.15097,0.00021,3.0,TP,125.63,1.26,3.77,129.4
66,2025-07-30T16:15:00+01:00,sell,1.15156,1.1519,1.15053,0.00023,-1.0,SL,129.4,1.29,-1.29,128.11
67,2025-07-30T16:19:00+01:00,sell,1.15143,1.15181,1.15028,0.00025,-1.0,SL,128.11,1.28,-1.28,126.82
68,2025-07-30T16:30:00+01:00,sell,1.15088,1.15135,1.14946,0.00032,3.0,TP,126.82,1.27,3.8,130.63
69,2025-07-30T16:31:00+01:00,sell,1.15012,1.15065,1.14854,0.00035,3.0,TP,130.63,1.31,3.92,134.55
70,2025-07-30T16:32:00+01:00,sell,1.15008,1.15059,1.14854,0.00034,3.0,TP,134.55,1.35,4.04,138.59
71,2025-07-30T16:33:00+01:00,sell,1.1495,1.15006,1.14781,0.00038,3.0,TP,138.59,1.39,4.16,142.74
72,2025-07-30T16:34:00+01:00,sell,1.14927,1.14989,1.14741,0.00041,3.0,TP,142.74,1.43,4.28,147.02
73,2025-07-30T16:35:00+01:00,sell,1.14888,1.14956,1.14683,0.00046,3.0,TP,147.02,1.47,4.41,151.44
74,2025-07-30T16:36:00+01:00,sell,1.14858,1.14926,1.14653,0.00046,-1.0,SL,151.44,1.51,-1.51,149.92
75,2025-07-30T16:55:00+01:00,sell,1.1477,1.14836,1.14572,0.00044,-1.0,SL,149.92,1.5,-1.5,148.42
76,2025-07-30T16:56:00+01:00,sell,1.14761,1.14826,1.14565,0.00044,-1.0,SL,148.42,1.48,-1.48,146.94
77,2025-07-30T16:57:00+01:00,sell,1.14704,1.14773,1.14496,0.00046,-1.0,SL,146.94,1.47,-1.47,145.47
78,2025-07-30T16:58:00+01:00,sell,1.14696,1.14766,1.14485,0.00047,-1.0,SL,145.47,1.45,-1.45,144.01
79,2025-07-30T17:13:00+01:00,sell,1.14622,1.14688,1.14425,0.00044,-1.0,SL,144.01,1.44,-1.44,142.57
80,2025-07-30T22:49:00+01:00,sell,1.1441,1.14519,1.14082,0.00073,3.0,TP,142.57,1.43,4.28,146.85
81,2025-07-30T22:50:00+01:00,sell,1.14333,1.14443,1.14002,0.00074,0.0,timeout,146.85,1.47,0.0,146.85
82,2025-07-30T22:53:00+01:00,sell,1.14289,1.14401,1.13953,0.00075,0.0,timeout,146.85,1.47,0.0,146.85
83,2025-07-30T23:05:00+01:00,sell,1.14157,1.14258,1.13855,0.00067,-1.0,SL,146.85,1.47,-1.47,145.38
84,2025-07-31T00:20:00+01:00,sell,1.14119,1.14155,1.14011,0.00024,3.0,TP,145.38,1.45,4.36,149.74
85,2025-07-31T00:23:00+01:00,sell,1.14051,1.14094,1.13921,0.00029,-1.0,SL,149.74,1.5,-1.5,148.25
86,2025-07-31T00:56:00+01:00,sell,1.14022,1.1405,1.13937,0.00019,-1.0,SL,148.25,1.48,-1.48,146.76
87,2025-07-31T00:57:00+01:00,sell,1.1402,1.14049,1.13934,0.00019,-1.0,SL,146.76,1.47,-1.47,145.3
88,2025-07-31T00:59:00+01:00,sell,1.14012,1.14042,1.13923,0.0002,-1.0,SL,145.3,1.45,-1.45,143.84
89,2025-07-31T14:24:00+01:00,sell,1.14318,1.14343,1.14242,0.00017,3.0,TP,143.84,1.44,4.32,148.16
90,2025-07-31T14:29:00+01:00,sell,1.14274,1.14301,1.14193,0.00018,-1.0,SL,148.16,1.48,-1.48,146.68
91,2025-07-31T14:30:00+01:00,sell,1.14251,1.1428,1.14164,0.00019,-1.0,SL,146.68,1.47,-1.47,145.21
92,2025-07-31T14:33:00+01:00,sell,1.14236,1.14265,1.1415,0.00019,-1.0,SL,145.21,1.45,-1.45,143.76
93,2025-07-31T14:34:00+01:00,sell,1.14215,1.14245,1.14126,0.0002,-1.0,SL,143.76,1.44,-1.44,142.32
94,2025-07-31T14:36:00+01:00,sell,1.14204,1.14235,1.1411,0.00021,-1.0,SL,142.32,1.42,-1.42,140.9
95,2025-07-31T17:09:00+01:00,sell,1.14141,1.14197,1.13973,0.00037,-1.0,SL,140.9,1.41,-1.41,139.49
96,2025-07-31T17:10:00+01:00,sell,1.14161,1.14217,1.13994,0.00037,-1.0,SL,139.49,1.39,-1.39,138.09
97,2025-07-31T17:17:00+01:00,sell,1.14087,1.14143,1.13919,0.00037,-1.0,SL,138.09,1.38,-1.38,136.71
98,2025-07-31T23:53:00+01:00,sell,1.14197,1.1422,1.14128,0.00015,3.0,TP,136.71,1.37,4.1,140.81
99,2025-07-31T23:54:00+01:00,sell,1.14182,1.14207,1.14108,0.00016,3.0,TP,140.81,1.41,4.22,145.04
100,2025-07-31T23:55:00+01:00,sell,1.14165,1.14191,1.14088,0.00017,-1.0,SL,145.04,1.45,-1.45,143.59
101,2025-07-31T23:56:00+01:00,sell,1.14163,1.14191,1.1408,0.00018,3.0,TP,143.59,1.44,4.31,147.9
102,2025-07-31T23:57:00+01:00,sell,1.14135,1.14165,1.14046,0.0002,-1.0,SL,147.9,1.48,-1.48,146.42
103,2025-07-31T23:58:00+01:00,sell,1.14123,1.14153,1.14033,0.0002,-1.0,SL,146.42,1.46,-1.46,144.95
104,2025-08-01T05:46:00+01:00,sell,1.14077,1.14105,1.13994,0.00018,-1.0,SL,144.95,1.45,-1.45,143.5
105,2025-08-01T05:50:00+01:00,sell,1.14052,1.14081,1.13966,0.00019,-1.0,SL,143.5,1.44,-1.44,142.07
106,2025-08-01T12:44:00+01:00,sell,1.14112,1.14139,1.14031,0.00018,3.0,TP,142.07,1.42,4.26,146.33
107,2025-08-01T12:45:00+01:00,sell,1.14098,1.14125,1.14016,0.00018,3.0,TP,146.33,1.46,4.39,150.72
108,2025-08-01T12:48:00+01:00,sell,1.14084,1.14111,1.14002,0.00018,-1.0,SL,150.72,1.51,-1.51,149.21
109,2025-08-01T12:49:00+01:00,sell,1.14056,1.14085,1.13969,0.00019,-1.0,SL,149.21,1.49,-1.49,147.72
110,2025-08-01T12:50:00+01:00,sell,1.14064,1.14093,1.13977,0.00019,-1.0,SL,147.72,1.48,-1.48,146.24
111,2025-08-01T13:16:00+01:00,sell,1.1407,1.1409,1.14009,0.00014,3.0,TP,146.24,1.46,4.39,150.63
112,2025-08-01T13:17:00+01:00,sell,1.14066,1.14086,1.14005,0.00013,3.0,TP,150.63,1.51,4.52,155.15
113,2025-08-01T13:20:00+01:00,sell,1.14057,1.14076,1.13999,0.00013,3.0,TP,155.15,1.55,4.65,159.8
114,2025-08-01T13:21:00+01:00,sell,1.14055,1.14074,1.13999,0.00012,3.0,TP,159.8,1.6,4.79,164.6
115,2025-08-01T13:22:00+01:00,sell,1.14026,1.14046,1.13965,0.00014,-1.0,SL,164.6,1.65,-1.65,162.95
116,2025-08-01T13:23:00+01:00,sell,1.14031,1.14054,1.13963,0.00015,-1.0,SL,162.95,1.63,-1.63,161.32
117,2025-08-01T13:25:00+01:00,sell,1.14018,1.14041,1.1395,0.00015,-1.0,SL,161.32,1.61,-1.61,159.71
118,2025-08-01T13:45:00+01:00,sell,1.1399,1.14013,1.1392,0.00016,-1.0,SL,159.71,1.6,-1.6,158.11
119,2025-08-01T13:46:00+01:00,sell,1.13956,1.13982,1.13879,0.00017,-1.0,SL,158.11,1.58,-1.58,156.53
120,2025-08-01T13:47:00+01:00,sell,1.13971,1.13998,1.1389,0.00018,-1.0,SL,156.53,1.57,-1.57,154.97
121,2025-08-01T13:48:00+01:00,sell,1.13963,1.1399,1.13883,0.00018,-1.0,SL,154.97,1.55,-1.55,153.42
122,2025-08-01T13:49:00+01:00,sell,1.13931,1.1396,1.13845,0.00019,-1.0,SL,153.42,1.53,-1.53,151.88
123,2025-08-01T13:50:00+01:00,sell,1.13931,1.13959,1.13848,0.00019,-1.0,SL,151.88,1.52,-1.52,150.36
124,2025-08-04T05:00:00+01:00,sell,1.15558,1.15593,1.15452,0.00024,-1.0,SL,150.36,1.5,-1.5,148.86
125,2025-08-04T11:18:00+01:00,sell,1.15633,1.15682,1.15486,0.00033,-1.0,SL,148.86,1.49,-1.49,147.37
126,2025-08-04T11:19:00+01:00,sell,1.15608,1.15658,1.15458,0.00033,-1.0,SL,147.37,1.47,-1.47,145.9
127,2025-08-04T11:20:00+01:00,sell,1.15618,1.15669,1.15466,0.00034,-1.0,SL,145.9,1.46,-1.46,144.44
128,2025-08-04T11:23:00+01:00,sell,1.15589,1.15636,1.15448,0.00031,-1.0,SL,144.44,1.44,-1.44,142.99
129,2025-08-04T11:30:00+01:00,sell,1.15564,1.15607,1.15436,0.00029,-1.0,SL,142.99,1.43,-1.43,141.56
130,2025-08-04T11:32:00+01:00,sell,1.15557,1.15601,1.15426,0.00029,-1.0,SL,141.56,1.42,-1.42,140.15
131,2025-08-04T11:41:00+01:00,sell,1.15529,1.15567,1.15414,0.00026,-1.0,SL,140.15,1.4,-1.4,138.75
132,2025-08-04T11:42:00+01:00,sell,1.1553,1.15569,1.15412,0.00026,-1.0,SL,138.75,1.39,-1.39,137.36
133,2025-08-06T05:17:00+01:00,sell,1.15685,1.15704,1.15628,0.00013,-1.0,SL,137.36,1.37,-1.37,135.99
134,2025-08-06T05:21:00+01:00,sell,1.15669,1.15687,1.15616,0.00012,-1.0,SL,135.99,1.36,-1.36,134.63
135,2025-08-06T05:25:00+01:00,sell,1.15665,1.15684,1.15609,0.00013,-1.0,SL,134.63,1.35,-1.35,133.28
136,2025-08-06T05:26:00+01:00,sell,1.15655,1.15674,1.15597,0.00013,-1.0,SL,133.28,1.33,-1.33,131.95
137,2025-08-06T05:27:00+01:00,sell,1.15651,1.1567,1.15594,0.00013,-1.0,SL,131.95,1.32,-1.32,130.63
138,2025-08-06T17:51:00+01:00,buy,1.16275,1.1624,1.16379,0.00023,-1.0,SL,130.63,1.31,-1.31,129.32
139,2025-08-06T17:55:00+01:00,buy,1.16306,1.1627,1.16414,0.00024,-1.0,SL,129.32,1.29,-1.29,128.03
140,2025-08-06T17:58:00+01:00,buy,1.16332,1.16293,1.16448,0.00026,-1.0,SL,128.03,1.28,-1.28,126.75
141,2025-08-06T17:59:00+01:00,buy,1.16353,1.16314,1.1647,0.00026,-1.0,SL,126.75,1.27,-1.27,125.48
142,2025-08-06T19:06:00+01:00,buy,1.16337,1.16295,1.16462,0.00028,-1.0,SL,125.48,1.25,-1.25,124.23
143,2025-08-06T21:33:00+01:00,buy,1.16513,1.16487,1.16592,0.00018,-1.0,SL,124.23,1.24,-1.24,122.98
144,2025-08-06T21:36:00+01:00,buy,1.16523,1.16498,1.16599,0.00017,-1.0,SL,122.98,1.23,-1.23,121.75
145,2025-08-06T21:38:00+01:00,buy,1.16528,1.16503,1.16603,0.00017,-1.0,SL,121.75,1.22,-1.22,120.54
146,2025-08-06T22:08:00+01:00,buy,1.16552,1.16528,1.16623,0.00016,-1.0,SL,120.54,1.21,-1.21,119.33
147,2025-08-06T22:10:00+01:00,buy,1.16573,1.16549,1.16645,0.00016,-1.0,SL,119.33,1.19,-1.19,118.14
148,2025-08-06T22:26:00+01:00,buy,1.16586,1.16562,1.16659,0.00016,3.0,TP,118.14,1.18,3.54,121.68
149,2025-08-06T22:27:00+01:00,buy,1.16585,1.16562,1.16655,0.00015,3.0,TP,121.68,1.22,3.65,125.33
150,2025-08-06T22:29:00+01:00,buy,1.16603,1.1658,1.16672,0.00015,-1.0,SL,125.33,1.25,-1.25,124.08
151,2025-08-06T22:31:00+01:00,buy,1.16601,1.16577,1.16674,0.00016,3.0,TP,124.08,1.24,3.72,127.8
152,2025-08-06T22:33:00+01:00,buy,1.16628,1.16603,1.16703,0.00017,-1.0,SL,127.8,1.28,-1.28,126.52
153,2025-08-06T22:34:00+01:00,buy,1.16624,1.166,1.16697,0.00016,-1.0,SL,126.52,1.27,-1.27,125.26
154,2025-08-06T22:35:00+01:00,buy,1.16629,1.16605,1.16701,0.00016,-1.0,SL,125.26,1.25,-1.25,124.0
155,2025-08-06T22:41:00+01:00,buy,1.16658,1.16636,1.16725,0.00015,-1.0,SL,124.0,1.24,-1.24,122.76
156,2025-08-06T22:42:00+01:00,buy,1.16668,1.16645,1.16736,0.00015,-1.0,SL,122.76,1.23,-1.23,121.54
157,2025-08-06T22:43:00+01:00,buy,1.16673,1.1665,1.16743,0.00016,-1.0,SL,121.54,1.22,-1.22,120.32
158,2025-08-07T08:02:00+01:00,buy,1.16668,1.16651,1.16719,0.00011,3.0,TP,120.32,1.2,3.61,123.93
159,2025-08-07T08:03:00+01:00,buy,1.1667,1.16653,1.1672,0.00011,3.0,TP,123.93,1.24,3.72,127.65
160,2025-08-07T08:11:00+01:00,buy,1.16713,1.16696,1.16763,0.00011,-1.0,SL,127.65,1.28,-1.28,126.37
161,2025-08-07T08:12:00+01:00,buy,1.16715,1.16698,1.16765,0.00011,-1.0,SL,126.37,1.26,-1.26,125.11
162,2025-08-07T08:26:00+01:00,buy,1.16734,1.16716,1.16789,0.00012,-1.0,SL,125.11,1.25,-1.25,123.86
163,2025-08-07T08:33:00+01:00,buy,1.16749,1.16728,1.16811,0.00014,-1.0,SL,123.86,1.24,-1.24,122.62
164,2025-08-07T08:34:00+01:00,buy,1.16742,1.16721,1.16805,0.00014,-1.0,SL,122.62,1.23,-1.23,121.39
165,2025-08-07T11:37:00+01:00,buy,1.16841,1.16811,1.1693,0.0002,-1.0,SL,121.39,1.21,-1.21,120.18
166,2025-08-07T11:38:00+01:00,buy,1.16854,1.16825,1.16942,0.0002,-1.0,SL,120.18,1.2,-1.2,118.98
167,2025-08-07T11:39:00+01:00,buy,1.16846,1.16817,1.16932,0.00019,-1.0,SL,118.98,1.19,-1.19,117.79
168,2025-08-07T11:47:00+01:00,buy,1.16853,1.16824,1.16941,0.00019,3.0,TP,117.79,1.18,3.53,121.32
169,2025-08-07T11:49:00+01:00,buy,1.16866,1.16837,1.16954,0.00019,3.0,TP,121.32,1.21,3.64,124.96
170,2025-08-07T11:50:00+01:00,buy,1.16878,1.16848,1.16967,0.0002,3.0,TP,124.96,1.25,3.75,128.71
171,2025-08-07T11:51:00+01:00,buy,1.16891,1.16862,1.16979,0.0002,3.0,TP,128.71,1.29,3.86,132.57
172,2025-08-07T12:04:00+01:00,buy,1.16972,1.16937,1.17077,0.00023,-1.0,SL,132.57,1.33,-1.33,131.25
173,2025-08-07T23:31:00+01:00,buy,1.16377,1.16337,1.16497,0.00027,3.0,TP,131.25,1.31,3.94,135.18
174,2025-08-07T23:32:00+01:00,buy,1.16376,1.16333,1.16505,0.00029,3.0,TP,135.18,1.35,4.06,139.24
175,2025-08-07T23:33:00+01:00,buy,1.16382,1.16338,1.16515,0.0003,3.0,TP,139.24,1.39,4.18,143.42
176,2025-08-07T23:34:00+01:00,buy,1.16415,1.16369,1.16553,0.00031,3.0,TP,143.42,1.43,4.3,147.72
177,2025-08-07T23:35:00+01:00,buy,1.16438,1.16392,1.16576,0.00031,3.0,TP,147.72,1.48,4.43,152.15
178,2025-08-07T23:37:00+01:00,buy,1.16475,1.16426,1.16622,0.00033,3.0,TP,152.15,1.52,4.56,156.71
179,2025-08-07T23:44:00+01:00,buy,1.16541,1.16492,1.16688,0.00033,-1.0,SL,156.71,1.57,-1.57,155.15
180,2025-08-08T00:07:00+01:00,buy,1.1662,1.16579,1.16742,0.00027,-1.0,SL,155.15,1.55,-1.55,153.6
181,2025-08-08T00:20:00+01:00,buy,1.16672,1.16639,1.1677,0.00022,-1.0,SL,153.6,1.54,-1.54,152.06
182,2025-08-08T00:29:00+01:00,buy,1.16701,1.16675,1.16779,0.00017,-1.0,SL,152.06,1.52,-1.52,150.54
183,2025-08-08T00:46:00+01:00,buy,1.1669,1.16666,1.16763,0.00016,-1.0,SL,150.54,1.51,-1.51,149.03
184,2025-08-08T02:37:00+01:00,buy,1.1672,1.16705,1.16764,0.0001,-1.0,SL,149.03,1.49,-1.49,147.54
185,2025-08-08T02:38:00+01:00,buy,1.16719,1.16704,1.16763,0.0001,-1.0,SL,147.54,1.48,-1.48,146.07
186,2025-08-08T02:39:00+01:00,buy,1.16731,1.16716,1.16776,0.0001,-1.0,SL,146.07,1.46,-1.46,144.61
187,2025-08-08T02:40:00+01:00,buy,1.16734,1.16719,1.16779,0.0001,-1.0,SL,144.61,1.45,-1.45,143.16
188,2025-08-08T03:11:00+01:00,buy,1.16742,1.16726,1.16789,0.0001,-1.0,SL,143.16,1.43,-1.43,141.73
189,2025-08-08T03:12:00+01:00,buy,1.16742,1.16726,1.1679,0.00011,-1.0,SL,141.73,1.42,-1.42,140.31
190,2025-08-08T03:16:00+01:00,buy,1.16752,1.16735,1.16804,0.00012,-1.0,SL,140.31,1.4,-1.4,138.91
191,2025-08-08T03:25:00+01:00,buy,1.16768,1.16753,1.16814,0.0001,-1.0,SL,138.91,1.39,-1.39,137.52
192,2025-08-08T03:26:00+01:00,buy,1.16774,1.16759,1.1682,0.0001,-1.0,SL,137.52,1.38,-1.38,136.14
193,2025-08-08T18:06:00+01:00,buy,1.16563,1.16529,1.16665,0.00023,-1.0,SL,136.14,1.36,-1.36,134.78
194,2025-08-08T18:08:00+01:00,buy,1.16583,1.16548,1.16688,0.00023,-1.0,SL,134.78,1.35,-1.35,133.44
195,2025-08-08T18:23:00+01:00,buy,1.16613,1.1658,1.16711,0.00022,-1.0,SL,133.44,1.33,-1.33,132.1
196,2025-08-08T19:16:00+01:00,buy,1.16622,1.16596,1.16701,0.00017,-1.0,SL,132.1,1.32,-1.32,130.78
197,2025-08-12T00:21:00+01:00,buy,1.1611,1.16098,1.16145,8e-05,3.0,TP,130.78,1.31,3.92,134.7
198,2025-08-12T00:23:00+01:00,buy,1.16126,1.16113,1.16164,8e-05,3.0,TP,134.7,1.35,4.04,138.74
199,2025-08-12T00:25:00+01:00,buy,1.16151,1.16136,1.16195,0.0001,-1.0,SL,138.74,1.39,-1.39,137.36
200,2025-08-12T00:26:00+01:00,buy,1.16154,1.16138,1.16201,0.0001,-1.0,SL,137.36,1.37,-1.37,135.98
201,2025-08-12T05:34:00+01:00,buy,1.16172,1.16154,1.16225,0.00012,3.0,TP,135.98,1.36,4.08,140.06
202,2025-08-12T05:35:00+01:00,buy,1.16189,1.1617,1.16246,0.00013,3.0,TP,140.06,1.4,4.2,144.26
203,2025-08-12T05:38:00+01:00,buy,1.16221,1.16201,1.1628,0.00013,-1.0,SL,144.26,1.44,-1.44,142.82
204,2025-08-12T05:39:00+01:00,buy,1.16224,1.16204,1.16283,0.00013,-1.0,SL,142.82,1.43,-1.43,141.39
205,2025-08-12T05:40:00+01:00,buy,1.16222,1.16202,1.16283,0.00014,-1.0,SL,141.39,1.41,-1.41,139.98
206,2025-08-12T05:43:00+01:00,buy,1.16246,1.16226,1.16306,0.00013,-1.0,SL,139.98,1.4,-1.4,138.58
207,2025-08-12T08:51:00+01:00,buy,1.16254,1.16238,1.16302,0.00011,-1.0,SL,138.58,1.39,-1.39,137.19
208,2025-08-12T08:52:00+01:00,buy,1.16258,1.16242,1.16305,0.0001,-1.0,SL,137.19,1.37,-1.37,135.82
209,2025-08-12T08:59:00+01:00,buy,1.16271,1.16257,1.16313,9e-05,-1.0,SL,135.82,1.36,-1.36,134.46
210,2025-08-12T09:00:00+01:00,buy,1.16278,1.16264,1.16321,0.0001,-1.0,SL,134.46,1.34,-1.34,133.12
211,2025-08-12T16:30:00+01:00,buy,1.16271,1.16192,1.16508,0.00053,3.0,TP,133.12,1.33,3.99,137.11
212,2025-08-12T16:31:00+01:00,buy,1.16405,1.16312,1.16685,0.00062,-1.0,SL,137.11,1.37,-1.37,135.74
213,2025-08-12T16:32:00+01:00,buy,1.16355,1.16254,1.16657,0.00067,-1.0,SL,135.74,1.36,-1.36,134.38
214,2025-08-12T16:34:00+01:00,buy,1.16403,1.16292,1.16735,0.00074,-1.0,SL,134.38,1.34,-1.34,133.04
215,2025-08-12T16:39:00+01:00,buy,1.16469,1.16347,1.16835,0.00081,-1.0,SL,133.04,1.33,-1.33,131.71
216,2025-08-12T16:41:00+01:00,buy,1.16549,1.16427,1.16915,0.00081,-1.0,SL,131.71,1.32,-1.32,130.39
217,2025-08-12T16:42:00+01:00,buy,1.16541,1.1642,1.16903,0.0008,-1.0,SL,130.39,1.3,-1.3,129.09
218,2025-08-12T17:44:00+01:00,buy,1.16594,1.16512,1.1684,0.00055,-1.0,SL,129.09,1.29,-1.29,127.8
219,2025-08-12T17:45:00+01:00,buy,1.16518,1.16422,1.16806,0.00064,-1.0,SL,127.8,1.28,-1.28,126.52
220,2025-08-12T17:46:00+01:00,buy,1.16584,1.16482,1.16889,0.00068,-1.0,SL,126.52,1.27,-1.27,125.26
221,2025-08-12T17:55:00+01:00,buy,1.16503,1.164,1.16813,0.00069,3.0,TP,125.26,1.25,3.76,129.01
222,2025-08-12T18:00:00+01:00,buy,1.16549,1.16457,1.16826,0.00062,-1.0,SL,129.01,1.29,-1.29,127.72
223,2025-08-12T19:24:00+01:00,buy,1.16726,1.16693,1.16825,0.00022,3.0,TP,127.72,1.28,3.83,131.55
224,2025-08-12T19:26:00+01:00,buy,1.16766,1.16732,1.16869,0.00023,3.0,TP,131.55,1.32,3.95,135.5
225,2025-08-12T19:27:00+01:00,buy,1.16832,1.16792,1.16951,0.00026,-1.0,SL,135.5,1.36,-1.36,134.15
226,2025-08-12T19:28:00+01:00,buy,1.16853,1.16812,1.16976,0.00027,-1.0,SL,134.15,1.34,-1.34,132.8
227,2025-08-12T19:29:00+01:00,buy,1.16849,1.16806,1.16977,0.00028,-1.0,SL,132.8,1.33,-1.33,131.48
228,2025-08-12T19:30:00+01:00,buy,1.16866,1.16821,1.17001,0.0003,-1.0,SL,131.48,1.31,-1.31,130.16
229,2025-08-12T19:40:00+01:00,buy,1.16916,1.16864,1.17073,0.00035,-1.0,SL,130.16,1.3,-1.3,128.86
230,2025-08-13T03:43:00+01:00,buy,1.1678,1.16771,1.16807,6e-05,-1.0,SL,128.86,1.29,-1.29,127.57
231,2025-08-13T03:44:00+01:00,buy,1.16785,1.16776,1.16813,6e-05,-1.0,SL,127.57,1.28,-1.28,126.3
232,2025-08-13T04:00:00+01:00,buy,1.1678,1.1677,1.16811,7e-05,-1.0,SL,126.3,1.26,-1.26,125.03
233,2025-08-13T04:01:00+01:00,buy,1.16778,1.16767,1.16811,7e-05,-1.0,SL,125.03,1.25,-1.25,123.78
234,2025-08-13T04:03:00+01:00,buy,1.16778,1.16765,1.16818,9e-05,-1.0,SL,123.78,1.24,-1.24,122.54
235,2025-08-13T04:54:00+01:00,buy,1.1679,1.16775,1.16835,0.0001,-1.0,SL,122.54,1.23,-1.23,121.32
236,2025-08-13T04:55:00+01:00,buy,1.16782,1.16765,1.16832,0.00011,3.0,TP,121.32,1.21,3.64,124.96
237,2025-08-13T04:58:00+01:00,buy,1.168,1.16783,1.1685,0.00011,3.0,TP,124.96,1.25,3.75,128.71
238,2025-08-13T05:00:00+01:00,buy,1.16804,1.16787,1.16854,0.00011,3.0,TP,128.71,1.29,3.86,132.57
239,2025-08-13T05:01:00+01:00,buy,1.16829,1.1681,1.16885,0.00012,-1.0,SL,132.57,1.33,-1.33,131.24
240,2025-08-13T05:02:00+01:00,buy,1.16835,1.16817,1.1689,0.00012,-1.0,SL,131.24,1.31,-1.31,129.93
241,2025-08-13T05:43:00+01:00,buy,1.16807,1.16788,1.16865,0.00013,-1.0,SL,129.93,1.3,-1.3,128.63
242,2025-08-13T05:44:00+01:00,buy,1.16811,1.16792,1.16869,0.00013,-1.0,SL,128.63,1.29,-1.29,127.35
243,2025-08-13T07:33:00+01:00,buy,1.16836,1.16823,1.16875,9e-05,-1.0,SL,127.35,1.27,-1.27,126.07
244,2025-08-13T07:37:00+01:00,buy,1.16851,1.16836,1.16895,0.0001,-1.0,SL,126.07,1.26,-1.26,124.81
245,2025-08-13T07:39:00+01:00,buy,1.16854,1.1684,1.16896,9e-05,-1.0,SL,124.81,1.25,-1.25,123.56
246,2025-08-13T07:44:00+01:00,buy,1.1686,1.16846,1.16902,9e-05,-1.0,SL,123.56,1.24,-1.24,122.33
247,2025-08-13T10:38:00+01:00,buy,1.16905,1.16878,1.16987,0.00018,3.0,TP,122.33,1.22,3.67,126.0
248,2025-08-13T10:39:00+01:00,buy,1.16904,1.16876,1.16988,0.00019,3.0,TP,126.0,1.26,3.78,129.78
249,2025-08-13T10:40:00+01:00,buy,1.16927,1.16898,1.17014,0.00019,-1.0,SL,129.78,1.3,-1.3,128.48
250,2025-08-13T10:41:00+01:00,buy,1.16919,1.16891,1.17003,0.00019,-1.0,SL,128.48,1.28,-1.28,127.19
251,2025-08-13T10:46:00+01:00,buy,1.1693,1.16902,1.17014,0.00019,3.0,TP,127.19,1.27,3.82,131.01
252,2025-08-13T10:55:00+01:00,buy,1.16951,1.16923,1.17036,0.00019,-1.0,SL,131.01,1.31,-1.31,129.7
253,2025-08-13T11:09:00+01:00,buy,1.16999,1.16969,1.17088,0.0002,3.0,TP,129.7,1.3,3.89,133.59
254,2025-08-13T11:10:00+01:00,buy,1.16982,1.16951,1.17074,0.0002,3.0,TP,133.59,1.34,4.01,137.6
255,2025-08-13T11:11:00+01:00,buy,1.16986,1.16956,1.17075,0.0002,3.0,TP,137.6,1.38,4.13,141.73
256,2025-08-13T11:12:00+01:00,buy,1.17013,1.16982,1.17106,0.00021,3.0,TP,141.73,1.42,4.25,145.98
257,2025-08-13T11:13:00+01:00,buy,1.17055,1.1702,1.1716,0.00023,3.0,TP,145.98,1.46,4.38,150.36
258,2025-08-13T11:14:00+01:00,buy,1.17093,1.17055,1.17206,0.00025,-1.0,SL,150.36,1.5,-1.5,148.85
259,2025-08-13T11:15:00+01:00,buy,1.17074,1.17036,1.17188,0.00025,3.0,TP,148.85,1.49,4.47,153.32
260,2025-08-13T12:17:00+01:00,buy,1.17141,1.17115,1.17219,0.00017,3.0,TP,153.32,1.53,4.6,157.92
261,2025-08-13T12:19:00+01:00,buy,1.17168,1.17141,1.17249,0.00018,-1.0,SL,157.92,1.58,-1.58,156.34
262,2025-08-13T12:20:00+01:00,buy,1.1717,1.17144,1.17249,0.00018,-1.0,SL,156.34,1.56,-1.56,154.78
263,2025-08-13T12:21:00+01:00,buy,1.17184,1.17157,1.17264,0.00018,-1.0,SL,154.78,1.55,-1.55,153.23
264,2025-08-13T12:22:00+01:00,buy,1.17188,1.17162,1.17266,0.00017,-1.0,SL,153.23,1.53,-1.53,151.7
265,2025-08-13T13:18:00+01:00,buy,1.17219,1.17197,1.17285,0.00015,3.0,TP,151.7,1.52,4.55,156.25
266,2025-08-13T13:21:00+01:00,buy,1.1724,1.17219,1.17302,0.00014,-1.0,SL,156.25,1.56,-1.56,154.69
267,2025-08-13T13:22:00+01:00,buy,1.17248,1.17227,1.17311,0.00014,-1.0,SL,154.69,1.55,-1.55,153.14
268,2025-08-13T13:24:00+01:00,buy,1.17262,1.17241,1.17326,0.00014,-1.0,SL,153.14,1.53,-1.53,151.61
269,2025-08-13T13:55:00+01:00,buy,1.17293,1.17274,1.17349,0.00012,-1.0,SL,151.61,1.52,-1.52,150.09
270,2025-08-13T13:56:00+01:00,buy,1.17294,1.17276,1.17348,0.00012,-1.0,SL,150.09,1.5,-1.5,148.59
271,2025-08-13T13:57:00+01:00,buy,1.17294,1.17277,1.17346,0.00012,-1.0,SL,148.59,1.49,-1.49,147.1
272,2025-08-14T03:04:00+01:00,buy,1.17082,1.17074,1.17106,5e-05,3.0,TP,147.1,1.47,4.41,151.52
273,2025-08-14T03:05:00+01:00,buy,1.17082,1.17074,1.17106,5e-05,3.0,TP,151.52,1.52,4.55,156.06
274,2025-08-14T03:06:00+01:00,buy,1.17081,1.17073,1.17105,5e-05,3.0,TP,156.06,1.56,4.68,160.74
275,2025-08-14T03:25:00+01:00,buy,1.17099,1.17091,1.17122,5e-05,3.0,TP,160.74,1.61,4.82,165.57
276,2025-08-14T03:26:00+01:00,buy,1.17094,1.17086,1.17118,5e-05,3.0,TP,165.57,1.66,4.97,170.53
277,2025-08-14T03:56:00+01:00,buy,1.17119,1.17109,1.17148,6e-05,-1.0,SL,170.53,1.71,-1.71,168.83
278,2025-08-14T03:58:00+01:00,buy,1.17117,1.17108,1.17145,6e-05,-1.0,SL,168.83,1.69,-1.69,167.14
279,2025-08-14T03:59:00+01:00,buy,1.17118,1.17109,1.17145,6e-05,-1.0,SL,167.14,1.67,-1.67,165.47
280,2025-08-15T02:01:00+01:00,buy,1.16499,1.1648,1.16557,0.00013,-1.0,SL,165.47,1.65,-1.65,163.81
281,2025-08-15T02:05:00+01:00,buy,1.16516,1.16497,1.16572,0.00012,-1.0,SL,163.81,1.64,-1.64,162.18
282,2025-08-15T02:06:00+01:00,buy,1.16514,1.16496,1.16567,0.00012,-1.0,SL,162.18,1.62,-1.62,160.55
283,2025-08-15T05:32:00+01:00,buy,1.1652,1.165,1.1658,0.00013,-1.0,SL,160.55,1.61,-1.61,158.95
284,2025-08-15T05:33:00+01:00,buy,1.16533,1.16512,1.16596,0.00014,-1.0,SL,158.95,1.59,-1.59,157.36
285,2025-08-15T06:08:00+01:00,buy,1.16565,1.16549,1.16614,0.00011,-1.0,SL,157.36,1.57,-1.57,155.79
286,2025-08-15T06:12:00+01:00,buy,1.16564,1.16548,1.16613,0.00011,-1.0,SL,155.79,1.56,-1.56,154.23
287,2025-08-15T07:01:00+01:00,buy,1.16577,1.16562,1.16622,0.0001,3.0,TP,154.23,1.54,4.63,158.86
288,2025-08-15T07:02:00+01:00,buy,1.16579,1.16564,1.16623,0.0001,-1.0,SL,158.86,1.59,-1.59,157.27
289,2025-08-15T07:08:00+01:00,buy,1.1658,1.16567,1.16618,8e-05,3.0,TP,157.27,1.57,4.72,161.98
290,2025-08-15T07:09:00+01:00,buy,1.16583,1.1657,1.16621,8e-05,3.0,TP,161.98,1.62,4.86,166.84
291,2025-08-15T07:32:00+01:00,buy,1.16618,1.16605,1.16658,9e-05,-1.0,SL,166.84,1.67,-1.67,165.18
292,2025-08-15T07:34:00+01:00,buy,1.16613,1.16598,1.16659,0.0001,-1.0,SL,165.18,1.65,-1.65,163.52
293,2025-08-15T07:35:00+01:00,buy,1.16617,1.16602,1.16663,0.0001,-1.0,SL,163.52,1.64,-1.64,161.89
294,2025-08-15T07:40:00+01:00,buy,1.16617,1.16602,1.16662,0.0001,-1.0,SL,161.89,1.62,-1.62,160.27
295,2025-08-15T07:45:00+01:00,buy,1.16625,1.16612,1.16665,9e-05,-1.0,SL,160.27,1.6,-1.6,158.67
296,2025-08-15T07:46:00+01:00,buy,1.16633,1.16619,1.16674,9e-05,-1.0,SL,158.67,1.59,-1.59,157.08
297,2025-08-15T07:47:00+01:00,buy,1.16633,1.1662,1.16673,9e-05,-1.0,SL,157.08,1.57,-1.57,155.51
298,2025-08-15T07:48:00+01:00,buy,1.16634,1.16621,1.16674,9e-05,-1.0,SL,155.51,1.56,-1.56,153.95
299,2025-08-15T09:48:00+01:00,buy,1.16653,1.1664,1.16692,9e-05,3.0,TP,153.95,1.54,4.62,158.57
300,2025-08-15T09:49:00+01:00,buy,1.1666,1.16647,1.167,9e-05,-1.0,SL,158.57,1.59,-1.59,156.99
301,2025-08-15T09:51:00+01:00,buy,1.16659,1.16645,1.16702,9e-05,3.0,TP,156.99,1.57,4.71,161.7
302,2025-08-15T09:52:00+01:00,buy,1.16661,1.16647,1.16702,9e-05,3.0,TP,161.7,1.62,4.85,166.55
303,2025-08-15T09:55:00+01:00,buy,1.16687,1.16672,1.16733,0.0001,3.0,TP,166.55,1.67,5.0,171.54
304,2025-08-15T09:56:00+01:00,buy,1.16696,1.16681,1.16741,0.0001,-1.0,SL,171.54,1.72,-1.72,169.83
305,2025-08-15T10:33:00+01:00,buy,1.16721,1.167,1.16785,0.00014,-1.0,SL,169.83,1.7,-1.7,168.13
306,2025-08-15T10:34:00+01:00,buy,1.16718,1.16697,1.16781,0.00014,-1.0,SL,168.13,1.68,-1.68,166.45
307,2025-08-15T10:35:00+01:00,buy,1.16725,1.16704,1.16789,0.00014,-1.0,SL,166.45,1.66,-1.66,164.78
308,2025-08-15T10:37:00+01:00,buy,1.16723,1.16701,1.16789,0.00015,-1.0,SL,164.78,1.65,-1.65,163.14
309,2025-08-15T10:41:00+01:00,buy,1.16724,1.16703,1.16788,0.00014,-1.0,SL,163.14,1.63,-1.63,161.51
310,2025-08-15T11:02:00+01:00,buy,1.16732,1.16711,1.16794,0.00014,3.0,TP,161.51,1.62,4.85,166.35
311,2025-08-15T11:04:00+01:00,buy,1.16758,1.16735,1.16827,0.00015,-1.0,SL,166.35,1.66,-1.66,164.69
312,2025-08-15T11:05:00+01:00,buy,1.16768,1.16745,1.16838,0.00016,-1.0,SL,164.69,1.65,-1.65,163.04
313,2025-08-15T11:06:00+01:00,buy,1.1679,1.16765,1.16864,0.00016,-1.0,SL,163.04,1.63,-1.63,161.41
314,2025-08-15T11:09:00+01:00,buy,1.16789,1.16763,1.16867,0.00017,-1.0,SL,161.41,1.61,-1.61,159.8
315,2025-08-15T11:57:00+01:00,buy,1.16832,1.16808,1.16904,0.00016,-1.0,SL,159.8,1.6,-1.6,158.2
316,2025-08-15T12:00:00+01:00,buy,1.16836,1.16812,1.16907,0.00016,-1.0,SL,158.2,1.58,-1.58,156.62
317,2025-08-15T13:02:00+01:00,buy,1.16826,1.16805,1.1689,0.00014,3.0,TP,156.62,1.57,4.7,161.31
318,2025-08-15T13:04:00+01:00,buy,1.16827,1.16806,1.1689,0.00014,3.0,TP,161.31,1.61,4.84,166.15
319,2025-08-15T13:06:00+01:00,buy,1.16831,1.1681,1.16894,0.00014,3.0,TP,166.15,1.66,4.98,171.14
320,2025-08-15T13:09:00+01:00,buy,1.16837,1.16816,1.169,0.00014,3.0,TP,171.14,1.71,5.13,176.27
321,2025-08-15T13:10:00+01:00,buy,1.16857,1.16834,1.16925,0.00015,-1.0,SL,176.27,1.76,-1.76,174.51
322,2025-08-15T13:11:00+01:00,buy,1.16861,1.16839,1.16928,0.00015,-1.0,SL,174.51,1.75,-1.75,172.76
323,2025-08-15T16:40:00+01:00,buy,1.1696,1.16911,1.17106,0.00033,-1.0,SL,172.76,1.73,-1.73,171.04
324,2025-08-15T16:41:00+01:00,buy,1.16958,1.16909,1.17106,0.00033,-1.0,SL,171.04,1.71,-1.71,169.33
325,2025-08-15T17:00:00+01:00,buy,1.16972,1.16929,1.17102,0.00029,-1.0,SL,169.33,1.69,-1.69,167.63
326,2025-08-15T17:01:00+01:00,buy,1.1698,1.16937,1.17109,0.00029,-1.0,SL,167.63,1.68,-1.68,165.96
327,2025-08-15T17:07:00+01:00,buy,1.16991,1.16949,1.17117,0.00028,-1.0,SL,165.96,1.66,-1.66,164.3
328,2025-08-15T17:45:00+01:00,buy,1.16965,1.16922,1.17095,0.00029,3.0,TP,164.3,1.64,4.93,169.23
329,2025-08-15T17:47:00+01:00,buy,1.1697,1.16926,1.17102,0.00029,3.0,TP,169.23,1.69,5.08,174.3
330,2025-08-15T17:49:00+01:00,buy,1.17037,1.16991,1.17174,0.0003,0.0,timeout,174.3,1.74,0.0,174.3
331,2025-08-15T17:50:00+01:00,buy,1.17042,1.16996,1.17181,0.00031,0.0,timeout,174.3,1.74,0.0,174.3
332,2025-08-15T18:00:00+01:00,buy,1.17051,1.17008,1.17179,0.00029,0.0,timeout,174.3,1.74,0.0,174.3
333,2025-08-15T18:01:00+01:00,buy,1.17105,1.17058,1.17246,0.00031,-1.0,SL,174.3,1.74,-1.74,172.56
334,2025-08-15T18:02:00+01:00,buy,1.17084,1.17035,1.1723,0.00032,-1.0,SL,172.56,1.73,-1.73,170.83
335,2025-08-15T18:04:00+01:00,buy,1.17101,1.17048,1.17261,0.00035,-1.0,SL,170.83,1.71,-1.71,169.13
336,2025-08-15T18:07:00+01:00,buy,1.1711,1.17057,1.1727,0.00036,-1.0,SL,169.13,1.69,-1.69,167.44
337,2025-08-15T18:08:00+01:00,buy,1.17113,1.17061,1.1727,0.00035,-1.0,SL,167.44,1.67,-1.67,165.76
338,2025-08-18T01:42:00+01:00,buy,1.17113,1.17093,1.17172,0.00013,-1.0,SL,165.76,1.66,-1.66,164.1
339,2025-08-18T01:43:00+01:00,buy,1.17117,1.17098,1.17175,0.00013,-1.0,SL,164.1,1.64,-1.64,162.46
340,2025-08-18T01:45:00+01:00,buy,1.17117,1.17097,1.17177,0.00013,-1.0,SL,162.46,1.62,-1.62,160.84
341,2025-08-18T01:47:00+01:00,buy,1.17117,1.17096,1.17179,0.00014,-1.0,SL,160.84,1.61,-1.61,159.23
342,2025-08-18T01:48:00+01:00,buy,1.17117,1.17096,1.1718,0.00014,-1.0,SL,159.23,1.59,-1.59,157.64
343,2025-08-18T01:56:00+01:00,buy,1.17126,1.17104,1.17191,0.00014,-1.0,SL,157.64,1.58,-1.58,156.06
344,2025-08-18T02:00:00+01:00,buy,1.17129,1.17109,1.1719,0.00013,-1.0,SL,156.06,1.56,-1.56,154.5
345,2025-08-19T02:04:00+01:00,buy,1.1665,1.16626,1.16722,0.00016,3.0,TP,154.5,1.54,4.63,159.13
346,2025-08-19T02:05:00+01:00,buy,1.16691,1.16663,1.16774,0.00019,-1.0,SL,159.13,1.59,-1.59,157.54
347,2025-08-19T02:06:00+01:00,buy,1.16697,1.16669,1.16781,0.00019,-1.0,SL,157.54,1.58,-1.58,155.97
348,2025-08-19T02:07:00+01:00,buy,1.16721,1.16692,1.16807,0.00019,-1.0,SL,155.97,1.56,-1.56,154.41
349,2025-08-19T02:08:00+01:00,buy,1.16732,1.16703,1.1682,0.0002,-1.0,SL,154.41,1.54,-1.54,152.86
350,2025-08-19T10:46:00+01:00,buy,1.16685,1.16659,1.16764,0.00018,3.0,TP,152.86,1.53,4.59,157.45
351,2025-08-19T10:47:00+01:00,buy,1.1671,1.16682,1.16795,0.00019,3.0,TP,157.45,1.57,4.72,162.17
352,2025-08-19T10:48:00+01:00,buy,1.16716,1.16689,1.16798,0.00018,-1.0,SL,162.17,1.62,-1.62,160.55
353,2025-08-19T10:49:00+01:00,buy,1.1671,1.16683,1.1679,0.00018,-1.0,SL,160.55,1.61,-1.61,158.95
354,2025-08-19T10:50:00+01:00,buy,1.16732,1.16704,1.16815,0.00018,-1.0,SL,158.95,1.59,-1.59,157.36
355,2025-08-19T11:01:00+01:00,buy,1.16757,1.16728,1.16844,0.00019,-1.0,SL,157.36,1.57,-1.57,155.78
356,2025-08-19T11:02:00+01:00,buy,1.16762,1.16732,1.16852,0.0002,-1.0,SL,155.78,1.56,-1.56,154.23
357,2025-08-19T11:05:00+01:00,buy,1.16771,1.16741,1.1686,0.0002,-1.0,SL,154.23,1.54,-1.54,152.68
358,2025-08-19T11:06:00+01:00,buy,1.16801,1.16769,1.16896,0.00021,-1.0,SL,152.68,1.53,-1.53,151.16
359,2025-08-19T11:40:00+01:00,buy,1.16796,1.16769,1.16877,0.00018,-1.0,SL,151.16,1.51,-1.51,149.64
360,2025-08-19T11:55:00+01:00,buy,1.16815,1.16787,1.16899,0.00019,-1.0,SL,149.64,1.5,-1.5,148.15
361,2025-08-19T11:56:00+01:00,buy,1.1682,1.16792,1.16905,0.00019,-1.0,SL,148.15,1.48,-1.48,146.67
362,2025-08-19T11:57:00+01:00,buy,1.16831,1.16803,1.16916,0.00019,-1.0,SL,146.67,1.47,-1.47,145.2
363,2025-08-19T11:59:00+01:00,buy,1.16831,1.16803,1.16915,0.00019,-1.0,SL,145.2,1.45,-1.45,143.75
364,2025-08-19T14:19:00+01:00,buy,1.16852,1.16832,1.16911,0.00013,3.0,TP,143.75,1.44,4.31,148.06
365,2025-08-19T14:20:00+01:00,buy,1.16877,1.16855,1.16943,0.00015,-1.0,SL,148.06,1.48,-1.48,146.58
366,2025-08-19T14:22:00+01:00,buy,1.16873,1.1685,1.16941,0.00015,-1.0,SL,146.58,1.47,-1.47,145.11
367,2025-08-19T14:23:00+01:00,buy,1.16888,1.16865,1.16956,0.00015,-1.0,SL,145.11,1.45,-1.45,143.66
368,2025-08-19T14:26:00+01:00,buy,1.16913,1.16891,1.1698,0.00015,-1.0,SL,143.66,1.44,-1.44,142.23
369,2025-08-20T11:19:00+01:00,buy,1.1643,1.16398,1.16525,0.00021,-1.0,SL,142.23,1.42,-1.42,140.8
370,2025-08-20T11:20:00+01:00,buy,1.16431,1.16399,1.16528,0.00021,-1.0,SL,140.8,1.41,-1.41,139.4
371,2025-08-20T11:26:00+01:00,buy,1.16451,1.1642,1.16545,0.00021,-1.0,SL,139.4,1.39,-1.39,138.0
372,2025-08-20T11:57:00+01:00,buy,1.16434,1.16406,1.16517,0.00018,-1.0,SL,138.0,1.38,-1.38,136.62
373,2025-08-20T11:58:00+01:00,buy,1.16435,1.16408,1.16517,0.00018,-1.0,SL,136.62,1.37,-1.37,135.26
374,2025-08-20T11:59:00+01:00,buy,1.16443,1.16416,1.16524,0.00018,-1.0,SL,135.26,1.35,-1.35,133.9
375,2025-08-21T04:30:00+01:00,sell,1.16451,1.16467,1.16404,0.0001,-1.0,SL,133.9,1.34,-1.34,132.56
376,2025-08-21T04:42:00+01:00,sell,1.1643,1.16445,1.16386,0.0001,-1.0,SL,132.56,1.33,-1.33,131.24
377,2025-08-21T04:46:00+01:00,sell,1.16419,1.16434,1.16373,0.0001,-1.0,SL,131.24,1.31,-1.31,129.93
378,2025-08-21T10:20:00+01:00,sell,1.16413,1.16432,1.16356,0.00013,3.0,TP,129.93,1.3,3.9,133.82
379,2025-08-21T10:21:00+01:00,sell,1.16398,1.16417,1.1634,0.00013,3.0,TP,133.82,1.34,4.01,137.84
380,2025-08-21T10:22:00+01:00,sell,1.16366,1.1639,1.16295,0.00016,3.0,TP,137.84,1.38,4.14,141.97
381,2025-08-21T10:23:00+01:00,sell,1.16359,1.16383,1.16288,0.00016,3.0,TP,141.97,1.42,4.26,146.23
382,2025-08-21T10:24:00+01:00,sell,1.16356,1.1638,1.16285,0.00016,3.0,TP,146.23,1.46,4.39,150.62
383,2025-08-21T10:27:00+01:00,sell,1.16338,1.16362,1.16265,0.00016,3.0,TP,150.62,1.51,4.52,155.14
384,2025-08-21T10:34:00+01:00,sell,1.1632,1.16344,1.16248,0.00016,-1.0,SL,155.14,1.55,-1.55,153.59
385,2025-08-21T10:53:00+01:00,sell,1.16268,1.16292,1.16196,0.00016,-1.0,SL,153.59,1.54,-1.54,152.05
386,2025-08-21T10:54:00+01:00,sell,1.16276,1.163,1.16204,0.00016,-1.0,SL,152.05,1.52,-1.52,150.53
387,2025-08-21T10:55:00+01:00,sell,1.16261,1.16286,1.16187,0.00016,-1.0,SL,150.53,1.51,-1.51,149.03
388,2025-08-21T17:30:00+01:00,sell,1.16438,1.16464,1.16361,0.00017,-1.0,SL,149.03,1.49,-1.49,147.54
389,2025-08-21T17:32:00+01:00,sell,1.16434,1.16463,1.16347,0.00019,3.0,TP,147.54,1.48,4.43,151.96
390,2025-08-21T17:33:00+01:00,sell,1.16434,1.16464,1.16343,0.0002,3.0,TP,151.96,1.52,4.56,156.52
391,2025-08-21T17:34:00+01:00,sell,1.16437,1.16467,1.16348,0.0002,3.0,TP,156.52,1.57,4.7,161.22
392,2025-08-21T17:36:00+01:00,sell,1.16437,1.16467,1.16346,0.0002,3.0,TP,161.22,1.61,4.84,166.05
393,2025-08-21T17:38:00+01:00,sell,1.16431,1.16461,1.16342,0.0002,3.0,TP,166.05,1.66,4.98,171.03
394,2025-08-21T17:40:00+01:00,sell,1.16402,1.16432,1.16312,0.0002,3.0,TP,171.03,1.71,5.13,176.17
395,2025-08-21T17:41:00+01:00,sell,1.16404,1.16433,1.16317,0.00019,3.0,TP,176.17,1.76,5.28,181.45
396,2025-08-21T17:42:00+01:00,sell,1.16375,1.16405,1.16284,0.0002,3.0,TP,181.45,1.81,5.44,186.89
397,2025-08-21T17:43:00+01:00,sell,1.16368,1.16398,1.16277,0.0002,3.0,TP,186.89,1.87,5.61,192.5
398,2025-08-21T17:44:00+01:00,sell,1.16345,1.16376,1.16252,0.00021,3.0,TP,192.5,1.93,5.78,198.28
399,2025-08-21T17:45:00+01:00,sell,1.16226,1.16273,1.16086,0.00031,-1.0,SL,198.28,1.98,-1.98,196.29
400,2025-08-21T17:46:00+01:00,sell,1.16277,1.16328,1.16124,0.00034,3.0,TP,196.29,1.96,5.89,202.18
401,2025-08-21T17:51:00+01:00,sell,1.1622,1.16277,1.1605,0.00038,-1.0,SL,202.18,2.02,-2.02,200.16
402,2025-08-21T17:56:00+01:00,sell,1.16178,1.16231,1.1602,0.00035,-1.0,SL,200.16,2.0,-2.0,198.16
403,2025-08-21T18:39:00+01:00,sell,1.16155,1.1619,1.16051,0.00023,3.0,TP,198.16,1.98,5.94,204.1
404,2025-08-21T18:40:00+01:00,sell,1.16123,1.1616,1.16012,0.00025,-1.0,SL,204.1,2.04,-2.04,202.06
405,2025-08-21T18:41:00+01:00,sell,1.16107,1.16144,1.15997,0.00025,-1.0,SL,202.06,2.02,-2.02,200.04
406,2025-08-21T18:44:00+01:00,sell,1.16102,1.16142,1.15983,0.00026,-1.0,SL,200.04,2.0,-2.0,198.04
407,2025-08-21T18:45:00+01:00,sell,1.16061,1.16103,1.15935,0.00028,-1.0,SL,198.04,1.98,-1.98,196.06
408,2025-08-21T19:10:00+01:00,sell,1.16068,1.16106,1.15954,0.00025,-1.0,SL,196.06,1.96,-1.96,194.1
409,2025-08-21T19:11:00+01:00,sell,1.16034,1.16075,1.15911,0.00027,-1.0,SL,194.1,1.94,-1.94,192.16
410,2025-08-21T19:12:00+01:00,sell,1.16047,1.16088,1.15925,0.00027,-1.0,SL,192.16,1.92,-1.92,190.24
411,2025-08-22T07:21:00+01:00,sell,1.16046,1.16059,1.16006,9e-05,3.0,TP,190.24,1.9,5.71,195.94
412,2025-08-22T07:26:00+01:00,sell,1.16027,1.16041,1.15985,9e-05,3.0,TP,195.94,1.96,5.88,201.82
413,2025-08-22T07:27:00+01:00,sell,1.16021,1.16035,1.15979,9e-05,3.0,TP,201.82,2.02,6.05,207.88
414,2025-08-22T07:28:00+01:00,sell,1.16015,1.16029,1.15973,9e-05,3.0,TP,207.88,2.08,6.24,214.11
415,2025-08-22T07:29:00+01:00,sell,1.16007,1.16021,1.15965,9e-05,3.0,TP,214.11,2.14,6.42,220.54
416,2025-08-22T07:30:00+01:00,sell,1.16007,1.16021,1.15966,9e-05,3.0,TP,220.54,2.21,6.62,227.15
417,2025-08-22T07:31:00+01:00,sell,1.15996,1.16011,1.1595,0.0001,3.0,TP,227.15,2.27,6.81,233.97
418,2025-08-22T07:32:00+01:00,sell,1.15995,1.1601,1.1595,0.0001,3.0,TP,233.97,2.34,7.02,240.99
419,2025-08-22T07:37:00+01:00,sell,1.15975,1.15992,1.15925,0.00011,3.0,TP,240.99,2.41,7.23,248.22
420,2025-08-22T07:38:00+01:00,sell,1.15922,1.15945,1.15853,0.00015,-1.0,SL,248.22,2.48,-2.48,245.73
421,2025-08-22T07:39:00+01:00,sell,1.1592,1.15943,1.1585,0.00016,-1.0,SL,245.73,2.46,-2.46,243.28
422,2025-08-22T07:48:00+01:00,sell,1.15914,1.15936,1.15848,0.00015,-1.0,SL,243.28,2.43,-2.43,240.84
423,2025-08-22T07:58:00+01:00,sell,1.15892,1.15912,1.15831,0.00014,-1.0,SL,240.84,2.41,-2.41,238.44
424,2025-08-22T07:59:00+01:00,sell,1.15892,1.15912,1.15832,0.00013,-1.0,SL,238.44,2.38,-2.38,236.05
425,2025-08-22T08:20:00+01:00,sell,1.15887,1.15903,1.15838,0.00011,3.0,TP,236.05,2.36,7.08,243.13
426,2025-08-22T08:21:00+01:00,sell,1.15884,1.159,1.15835,0.00011,3.0,TP,243.13,2.43,7.29,250.43
427,2025-08-22T08:23:00+01:00,sell,1.15881,1.15898,1.15831,0.00011,3.0,TP,250.43,2.5,7.51,257.94
428,2025-08-22T08:28:00+01:00,sell,1.15844,1.15862,1.15789,0.00012,-1.0,SL,257.94,2.58,-2.58,255.36
429,2025-08-22T08:29:00+01:00,sell,1.1583,1.1585,1.15771,0.00013,-1.0,SL,255.36,2.55,-2.55,252.81
430,2025-08-22T08:30:00+01:00,sell,1.15828,1.15847,1.1577,0.00013,-1.0,SL,252.81,2.53,-2.53,250.28
431,2025-08-25T10:06:00+01:00,buy,1.17067,1.17044,1.17135,0.00015,3.0,TP,250.28,2.5,7.51,257.79
432,2025-08-25T10:07:00+01:00,buy,1.17102,1.17077,1.17177,0.00017,-1.0,SL,257.79,2.58,-2.58,255.21
433,2025-08-25T10:19:00+01:00,buy,1.17173,1.17149,1.17246,0.00016,-1.0,SL,255.21,2.55,-2.55,252.66
434,2025-08-25T10:20:00+01:00,buy,1.17172,1.17148,1.17244,0.00016,-1.0,SL,252.66,2.53,-2.53,250.13
435,2025-08-26T04:04:00+01:00,buy,1.16301,1.16248,1.1646,0.00035,3.0,TP,250.13,2.5,7.5,257.63
436,2025-08-26T04:05:00+01:00,buy,1.16393,1.16331,1.16578,0.00041,-1.0,SL,257.63,2.58,-2.58,255.06
437,2025-08-26T04:06:00+01:00,buy,1.16379,1.16315,1.16572,0.00043,-1.0,SL,255.06,2.55,-2.55,252.51
438,2025-08-26T04:11:00+01:00,buy,1.16417,1.16346,1.1663,0.00047,-1.0,SL,252.51,2.53,-2.53,249.98
439,2025-08-26T04:13:00+01:00,buy,1.16444,1.16373,1.16656,0.00047,-1.0,SL,249.98,2.5,-2.5,247.48
440,2025-08-26T04:14:00+01:00,buy,1.16488,1.16415,1.16707,0.00049,-1.0,SL,247.48,2.47,-2.47,245.01
441,2025-08-26T04:15:00+01:00,buy,1.16516,1.1644,1.16743,0.00051,-1.0,SL,245.01,2.45,-2.45,242.56
442,2025-08-26T04:36:00+01:00,buy,1.16573,1.16509,1.16764,0.00042,-1.0,SL,242.56,2.43,-2.43,240.13
443,2025-08-26T04:37:00+01:00,buy,1.16575,1.16512,1.16764,0.00042,-1.0,SL,240.13,2.4,-2.4,237.73
444,2025-08-26T11:00:00+01:00,sell,1.16219,1.16253,1.16116,0.00023,-1.0,SL,237.73,2.38,-2.38,235.35
445,2025-08-26T11:06:00+01:00,sell,1.16215,1.16254,1.16098,0.00026,3.0,TP,235.35,2.35,7.06,242.41
446,2025-08-26T11:07:00+01:00,sell,1.16191,1.16232,1.16068,0.00027,3.0,TP,242.41,2.42,7.27,249.69
447,2025-08-26T11:09:00+01:00,sell,1.1613,1.16173,1.16,0.00029,-1.0,SL,249.69,2.5,-2.5,247.19
448,2025-08-26T11:10:00+01:00,sell,1.1614,1.16184,1.16008,0.00029,-1.0,SL,247.19,2.47,-2.47,244.72
449,2025-08-26T11:11:00+01:00,sell,1.16066,1.16115,1.15919,0.00033,-1.0,SL,244.72,2.45,-2.45,242.27
450,2025-08-26T11:12:00+01:00,sell,1.16062,1.1611,1.15917,0.00032,-1.0,SL,242.27,2.42,-2.42,239.85
451,2025-08-26T11:13:00+01:00,sell,1.16047,1.16095,1.15904,0.00032,-1.0,SL,239.85,2.4,-2.4,237.45
452,2025-08-26T11:19:00+01:00,sell,1.1603,1.16084,1.15868,0.00036,-1.0,SL,237.45,2.37,-2.37,235.07
453,2025-08-26T22:00:00+01:00,sell,1.16377,1.16397,1.16316,0.00014,-1.0,SL,235.07,2.35,-2.35,232.72
454,2025-08-26T22:01:00+01:00,sell,1.1636,1.16381,1.16297,0.00014,-1.0,SL,232.72,2.33,-2.33,230.4
455,2025-08-27T08:20:00+01:00,sell,1.16167,1.16183,1.16118,0.00011,3.0,TP,230.4,2.3,6.91,237.31
456,2025-08-27T08:21:00+01:00,sell,1.16159,1.16176,1.16108,0.00011,-1.0,SL,237.31,2.37,-2.37,234.94
457,2025-08-27T08:22:00+01:00,sell,1.16154,1.16171,1.16103,0.00011,-1.0,SL,234.94,2.35,-2.35,232.59
458,2025-08-27T08:23:00+01:00,sell,1.16155,1.16172,1.16105,0.00011,-1.0,SL,232.59,2.33,-2.33,230.26
459,2025-08-27T08:42:00+01:00,sell,1.16128,1.16143,1.16082,0.0001,-1.0,SL,230.26,2.3,-2.3,227.96
460,2025-08-27T08:43:00+01:00,sell,1.16123,1.16139,1.16075,0.00011,-1.0,SL,227.96,2.28,-2.28,225.68
461,2025-08-27T11:01:00+01:00,sell,1.16149,1.16178,1.16062,0.00019,-1.0,SL,225.68,2.26,-2.26,223.42
462,2025-08-27T11:02:00+01:00,sell,1.16154,1.16184,1.16065,0.0002,3.0,TP,223.42,2.23,6.7,230.12
463,2025-08-27T11:14:00+01:00,sell,1.16105,1.16131,1.16026,0.00017,-1.0,SL,230.12,2.3,-2.3,227.82
464,2025-08-27T11:29:00+01:00,sell,1.16047,1.16076,1.15959,0.00019,3.0,TP,227.82,2.28,6.83,234.66
465,2025-08-27T11:30:00+01:00,sell,1.1604,1.16069,1.15952,0.0002,3.0,TP,234.66,2.35,7.04,241.7
466,2025-08-27T11:31:00+01:00,sell,1.1604,1.1607,1.15951,0.0002,3.0,TP,241.7,2.42,7.25,248.95
467,2025-08-27T11:36:00+01:00,sell,1.15973,1.16009,1.15866,0.00024,-1.0,SL,248.95,2.49,-2.49,246.46
468,2025-08-27T11:37:00+01:00,sell,1.15979,1.16014,1.15875,0.00023,-1.0,SL,246.46,2.46,-2.46,243.99
469,2025-08-27T12:06:00+01:00,sell,1.15975,1.16002,1.15895,0.00018,3.0,TP,243.99,2.44,7.32,251.31
470,2025-08-27T12:08:00+01:00,sell,1.15954,1.15981,1.15872,0.00018,3.0,TP,251.31,2.51,7.54,258.85
471,2025-08-27T12:09:00+01:00,sell,1.1595,1.15977,1.1587,0.00018,3.0,TP,258.85,2.59,7.77,266.62
472,2025-08-27T12:10:00+01:00,sell,1.15935,1.15963,1.15852,0.00019,3.0,TP,266.62,2.67,8.0,274.62
473,2025-08-27T12:13:00+01:00,sell,1.1591,1.15938,1.15827,0.00018,3.0,TP,274.62,2.75,8.24,282.86
474,2025-08-27T12:14:00+01:00,sell,1.15906,1.15935,1.1582,0.00019,3.0,TP,282.86,2.83,8.49,291.34
475,2025-08-27T12:15:00+01:00,sell,1.15875,1.15905,1.15784,0.0002,-1.0,SL,291.34,2.91,-2.91,288.43
476,2025-08-27T12:16:00+01:00,sell,1.15866,1.15896,1.15776,0.0002,-1.0,SL,288.43,2.88,-2.88,285.54
477,2025-08-27T12:31:00+01:00,sell,1.15805,1.15842,1.15693,0.00025,-1.0,SL,285.54,2.86,-2.86,282.69
478,2025-08-27T12:32:00+01:00,sell,1.15834,1.15874,1.15715,0.00026,-1.0,SL,282.69,2.83,-2.83,279.86
479,2025-08-27T12:34:00+01:00,sell,1.15771,1.15815,1.15639,0.00029,-1.0,SL,279.86,2.8,-2.8,277.06
480,2025-08-28T08:03:00+01:00,sell,1.1641,1.16423,1.1637,9e-05,-1.0,SL,277.06,2.77,-2.77,274.29
481,2025-08-28T08:04:00+01:00,sell,1.16406,1.16419,1.16366,9e-05,-1.0,SL,274.29,2.74,-2.74,271.55
482,2025-08-28T08:05:00+01:00,sell,1.164,1.16413,1.1636,9e-05,-1.0,SL,271.55,2.72,-2.72,268.83
483,2025-08-28T08:07:00+01:00,sell,1.164,1.16413,1.1636,9e-05,-1.0,SL,268.83,2.69,-2.69,266.15
484,2025-08-28T08:33:00+01:00,sell,1.16405,1.16416,1.16371,8e-05,-1.0,SL,266.15,2.66,-2.66,263.48
485,2025-08-28T09:31:00+01:00,sell,1.16378,1.16389,1.16346,7e-05,-1.0,SL,263.48,2.63,-2.63,260.85
486,2025-08-28T09:32:00+01:00,sell,1.1637,1.16381,1.16337,7e-05,-1.0,SL,260.85,2.61,-2.61,258.24
487,2025-08-28T09:33:00+01:00,sell,1.16368,1.16379,1.16334,7e-05,-1.0,SL,258.24,2.58,-2.58,255.66
488,2025-08-28T09:35:00+01:00,sell,1.16371,1.16382,1.16337,7e-05,-1.0,SL,255.66,2.56,-2.56,253.1
489,2025-08-28T09:38:00+01:00,sell,1.16364,1.16376,1.16329,8e-05,-1.0,SL,253.1,2.53,-2.53,250.57
490,2025-08-28T09:42:00+01:00,sell,1.16357,1.16368,1.16323,8e-05,-1.0,SL,250.57,2.51,-2.51,248.07
491,2025-08-29T11:54:00+01:00,buy,1.16746,1.16715,1.16838,0.00021,-1.0,SL,248.07,2.48,-2.48,245.58
492,2025-08-29T11:55:00+01:00,buy,1.16757,1.16726,1.16851,0.00021,-1.0,SL,245.58,2.46,-2.46,243.13
493,2025-08-29T12:02:00+01:00,buy,1.16775,1.16744,1.16867,0.0002,-1.0,SL,243.13,2.43,-2.43,240.7
494,2025-08-29T12:30:00+01:00,buy,1.16812,1.16786,1.16889,0.00017,3.0,TP,240.7,2.41,7.22,247.92
495,2025-08-29T12:31:00+01:00,buy,1.16807,1.16781,1.16884,0.00017,3.0,TP,247.92,2.48,7.44,255.36
496,2025-08-29T12:32:00+01:00,buy,1.16845,1.16816,1.16931,0.00019,-1.0,SL,255.36,2.55,-2.55,252.8
497,2025-08-29T12:33:00+01:00,buy,1.16874,1.16843,1.16967,0.00021,-1.0,SL,252.8,2.53,-2.53,250.27
498,2025-08-29T18:16:00+01:00,buy,1.1684,1.16794,1.16979,0.00031,3.0,TP,250.27,2.5,7.51,257.78
499,2025-08-29T18:32:00+01:00,buy,1.16966,1.16923,1.17095,0.00029,-1.0,SL,257.78,2.58,-2.58,255.2
500,2025-08-29T18:33:00+01:00,buy,1.16955,1.16912,1.17083,0.00029,-1.0,SL,255.2,2.55,-2.55,252.65
501,2025-08-29T18:34:00+01:00,buy,1.16975,1.16932,1.17104,0.00029,-1.0,SL,252.65,2.53,-2.53,250.13
502,2025-08-29T18:57:00+01:00,buy,1.1702,1.16972,1.17164,0.00032,-1.0,SL,250.13,2.5,-2.5,247.62
503,2025-08-29T18:58:00+01:00,buy,1.1702,1.16972,1.17163,0.00032,-1.0,SL,247.62,2.48,-2.48,245.15
504,2025-08-29T18:59:00+01:00,buy,1.17039,1.16992,1.1718,0.00031,-1.0,SL,245.15,2.45,-2.45,242.7
505,2025-08-29T19:00:00+01:00,buy,1.17037,1.16992,1.17172,0.0003,-1.0,SL,242.7,2.43,-2.43,240.27
506,2025-08-29T19:01:00+01:00,buy,1.17057,1.17011,1.17194,0.0003,-1.0,SL,240.27,2.4,-2.4,237.87
507,2025-09-01T06:00:00+01:00,buy,1.16962,1.16943,1.1702,0.00013,3.0,TP,237.87,2.38,7.14,245.0
508,2025-09-01T06:01:00+01:00,buy,1.16962,1.16944,1.17017,0.00012,3.0,TP,245.0,2.45,7.35,252.35
509,2025-09-01T06:04:00+01:00,buy,1.16972,1.16954,1.17025,0.00012,3.0,TP,252.35,2.52,7.57,259.92
510,2025-09-01T06:06:00+01:00,buy,1.16999,1.1698,1.17057,0.00013,3.0,TP,259.92,2.6,7.8,267.72
511,2025-09-01T06:07:00+01:00,buy,1.17007,1.16987,1.17066,0.00013,3.0,TP,267.72,2.68,8.03,275.75
512,2025-09-01T06:08:00+01:00,buy,1.17015,1.16995,1.17075,0.00013,-1.0,SL,275.75,2.76,-2.76,273.0
513,2025-09-01T06:09:00+01:00,buy,1.17017,1.16997,1.17077,0.00013,-1.0,SL,273.0,2.73,-2.73,270.27
514,2025-09-01T06:52:00+01:00,buy,1.17078,1.17061,1.17129,0.00011,3.0,TP,270.27,2.7,8.11,278.37
515,2025-09-01T06:53:00+01:00,buy,1.17083,1.17066,1.17134,0.00011,3.0,TP,278.37,2.78,8.35,286.73
516,2025-09-01T06:56:00+01:00,buy,1.17095,1.17078,1.17145,0.00011,-1.0,SL,286.73,2.87,-2.87,283.86
517,2025-09-01T06:57:00+01:00,buy,1.17111,1.17093,1.17166,0.00012,-1.0,SL,283.86,2.84,-2.84,281.02
518,2025-09-01T06:58:00+01:00,buy,1.17123,1.17104,1.17181,0.00013,-1.0,SL,281.02,2.81,-2.81,278.21
519,2025-09-01T07:01:00+01:00,buy,1.17134,1.17114,1.17193,0.00013,-1.0,SL,278.21,2.78,-2.78,275.43
520,2025-09-01T10:01:00+01:00,buy,1.1715,1.17134,1.17199,0.00011,3.0,TP,275.43,2.75,8.26,283.69
521,2025-09-01T10:03:00+01:00,buy,1.17156,1.17137,1.17212,0.00012,3.0,TP,283.69,2.84,8.51,292.2
522,2025-09-01T10:04:00+01:00,buy,1.17162,1.17144,1.17217,0.00012,3.0,TP,292.2,2.92,8.77,300.97
523,2025-09-01T10:05:00+01:00,buy,1.17229,1.17204,1.17303,0.00016,-1.0,SL,300.97,3.01,-3.01,297.96
524,2025-09-01T10:06:00+01:00,buy,1.17217,1.17192,1.17292,0.00017,-1.0,SL,297.96,2.98,-2.98,294.98
525,2025-09-01T10:07:00+01:00,buy,1.17234,1.17209,1.1731,0.00017,-1.0,SL,294.98,2.95,-2.95,292.03
526,2025-09-01T10:30:00+01:00,buy,1.17233,1.1721,1.17302,0.00015,-1.0,SL,292.03,2.92,-2.92,289.11
527,2025-09-01T10:34:00+01:00,buy,1.17253,1.17226,1.17333,0.00018,-1.0,SL,289.11,2.89,-2.89,286.22
528,2025-09-01T10:35:00+01:00,buy,1.17254,1.17228,1.17333,0.00017,-1.0,SL,286.22,2.86,-2.86,283.35
529,2025-09-01T10:36:00+01:00,buy,1.17273,1.17246,1.17353,0.00018,-1.0,SL,283.35,2.83,-2.83,280.52
530,2025-09-01T10:37:00+01:00,buy,1.17298,1.1727,1.17382,0.00019,-1.0,SL,280.52,2.81,-2.81,277.72
531,2025-09-01T10:38:00+01:00,buy,1.17298,1.17269,1.17386,0.0002,-1.0,SL,277.72,2.78,-2.78,274.94
532,2025-09-01T10:39:00+01:00,buy,1.17308,1.17279,1.17394,0.00019,-1.0,SL,274.94,2.75,-2.75,272.19
533,2025-09-01T12:45:00+01:00,buy,1.17274,1.17249,1.1735,0.00017,3.0,TP,272.19,2.72,8.17,280.35
534,2025-09-01T12:47:00+01:00,buy,1.17287,1.17263,1.1736,0.00016,-1.0,SL,280.35,2.8,-2.8,277.55
535,2025-09-01T12:49:00+01:00,buy,1.17311,1.17287,1.17383,0.00016,-1.0,SL,277.55,2.78,-2.78,274.78
536,2025-09-01T12:50:00+01:00,buy,1.17325,1.17301,1.17397,0.00016,-1.0,SL,274.78,2.75,-2.75,272.03
537,2025-09-01T12:51:00+01:00,buy,1.17346,1.1732,1.17425,0.00018,-1.0,SL,272.03,2.72,-2.72,269.31
538,2025-09-01T23:45:00+01:00,buy,1.17117,1.17109,1.1714,5e-05,-1.0,SL,269.31,2.69,-2.69,266.61
539,2025-09-01T23:54:00+01:00,buy,1.17132,1.17124,1.17155,5e-05,-1.0,SL,266.61,2.67,-2.67,263.95
540,2025-09-01T23:55:00+01:00,buy,1.17131,1.17124,1.17153,5e-05,-1.0,SL,263.95,2.64,-2.64,261.31
541,2025-09-02T03:38:00+01:00,buy,1.17141,1.17132,1.17167,6e-05,3.0,TP,261.31,2.61,7.84,269.15
542,2025-09-02T03:44:00+01:00,buy,1.17148,1.17139,1.17175,6e-05,3.0,TP,269.15,2.69,8.07,277.22
543,2025-09-02T03:45:00+01:00,buy,1.17158,1.17148,1.17187,6e-05,-1.0,SL,277.22,2.77,-2.77,274.45
544,2025-09-02T03:46:00+01:00,buy,1.17156,1.17146,1.17185,6e-05,-1.0,SL,274.45,2.74,-2.74,271.71
545,2025-09-02T03:48:00+01:00,buy,1.17169,1.17159,1.172,7e-05,-1.0,SL,271.71,2.72,-2.72,268.99
546,2025-09-02T03:49:00+01:00,buy,1.17174,1.17164,1.17205,7e-05,-1.0,SL,268.99,2.69,-2.69,266.3
547,2025-09-02T18:00:00+01:00,buy,1.16593,1.16539,1.16755,0.00036,3.0,TP,266.3,2.66,7.99,274.29
548,2025-09-02T18:01:00+01:00,buy,1.16611,1.16557,1.16773,0.00036,3.0,TP,274.29,2.74,8.23,282.52
549,2025-09-02T18:02:00+01:00,buy,1.16609,1.16556,1.16768,0.00035,3.0,TP,282.52,2.83,8.48,290.99
550,2025-09-02T18:03:00+01:00,buy,1.16636,1.16582,1.16798,0.00036,3.0,TP,290.99,2.91,8.73,299.72
551,2025-09-02T18:04:00+01:00,buy,1.16645,1.16592,1.16804,0.00035,3.0,TP,299.72,3.0,8.99,308.71
552,2025-09-02T18:05:00+01:00,buy,1.16659,1.16605,1.1682,0.00036,3.0,TP,308.71,3.09,9.26,317.97
553,2025-09-02T18:07:00+01:00,buy,1.16722,1.16665,1.16893,0.00038,-1.0,SL,317.97,3.18,-3.18,314.79
554,2025-09-02T18:09:00+01:00,buy,1.16747,1.16689,1.16922,0.00039,-1.0,SL,314.79,3.15,-3.15,311.65
555,2025-09-03T08:00:00+01:00,sell,1.1623,1.1624,1.16199,7e-05,-1.0,SL,311.65,3.12,-3.12,308.53
556,2025-09-03T08:02:00+01:00,sell,1.16219,1.1623,1.16186,7e-05,-1.0,SL,308.53,3.09,-3.09,305.45
557,2025-09-03T11:16:00+01:00,sell,1.16255,1.16282,1.16173,0.00018,3.0,TP,305.45,3.05,9.16,314.61
558,2025-09-03T11:17:00+01:00,sell,1.16233,1.16262,1.16145,0.0002,3.0,TP,314.61,3.15,9.44,324.05
559,2025-09-03T11:18:00+01:00,sell,1.16202,1.16235,1.16104,0.00022,3.0,TP,324.05,3.24,9.72,333.77
560,2025-09-03T11:19:00+01:00,sell,1.16163,1.16198,1.16058,0.00023,-1.0,SL,333.77,3.34,-3.34,330.43
561,2025-09-03T11:20:00+01:00,sell,1.16095,1.16136,1.15971,0.00028,-1.0,SL,330.43,3.3,-3.3,327.13
562,2025-09-03T11:21:00+01:00,sell,1.16094,1.16135,1.15972,0.00027,-1.0,SL,327.13,3.27,-3.27,323.85
563,2025-09-05T14:22:00+01:00,buy,1.16906,1.16887,1.16964,0.00013,3.0,TP,323.85,3.24,9.72,333.57
564,2025-09-05T14:23:00+01:00,buy,1.16928,1.16907,1.16991,0.00014,-1.0,SL,333.57,3.34,-3.34,330.23
565,2025-09-05T14:24:00+01:00,buy,1.16929,1.16909,1.1699,0.00014,-1.0,SL,330.23,3.3,-3.3,326.93
566,2025-09-05T14:25:00+01:00,buy,1.1694,1.1692,1.17001,0.00014,-1.0,SL,326.93,3.27,-3.27,323.66
567,2025-09-05T14:28:00+01:00,buy,1.16951,1.16931,1.17012,0.00013,-1.0,SL,323.66,3.24,-3.24,320.43
568,2025-09-05T14:49:00+01:00,buy,1.16962,1.16943,1.1702,0.00013,-1.0,SL,320.43,3.2,-3.2,317.22
569,2025-09-05T16:04:00+01:00,buy,1.16942,1.16906,1.17051,0.00024,3.0,TP,317.22,3.17,9.52,326.74
570,2025-09-05T16:08:00+01:00,buy,1.16994,1.16955,1.17112,0.00026,-1.0,SL,326.74,3.27,-3.27,323.47
571,2025-09-05T16:30:00+01:00,buy,1.17437,1.17344,1.17715,0.00062,-1.0,SL,323.47,3.23,-3.23,320.24
572,2025-09-05T16:31:00+01:00,buy,1.17322,1.1722,1.17629,0.00068,-1.0,SL,320.24,3.2,-3.2,317.03
573,2025-09-05T16:32:00+01:00,buy,1.17419,1.17307,1.17756,0.00075,-1.0,SL,317.03,3.17,-3.17,313.86
574,2025-09-05T16:33:00+01:00,buy,1.17407,1.17298,1.17734,0.00073,-1.0,SL,313.86,3.14,-3.14,310.73
575,2025-09-08T09:20:00+01:00,buy,1.17185,1.17166,1.17241,0.00012,-1.0,SL,310.73,3.11,-3.11,307.62
576,2025-09-08T09:31:00+01:00,buy,1.17199,1.17182,1.17251,0.00012,-1.0,SL,307.62,3.08,-3.08,304.54
577,2025-09-08T10:12:00+01:00,buy,1.17207,1.1718,1.17287,0.00018,-1.0,SL,304.54,3.05,-3.05,301.5
578,2025-09-08T10:13:00+01:00,buy,1.1722,1.17193,1.173,0.00018,-1.0,SL,301.5,3.01,-3.01,298.48
579,2025-09-08T10:14:00+01:00,buy,1.17231,1.17205,1.1731,0.00018,-1.0,SL,298.48,2.98,-2.98,295.5
580,2025-09-08T10:32:00+01:00,buy,1.17219,1.17186,1.17318,0.00022,-1.0,SL,295.5,2.95,-2.95,292.54
581,2025-09-08T10:52:00+01:00,buy,1.17266,1.17231,1.17372,0.00024,-1.0,SL,292.54,2.93,-2.93,289.62
582,2025-09-08T10:53:00+01:00,buy,1.17256,1.17221,1.1736,0.00023,-1.0,SL,289.62,2.9,-2.9,286.72
583,2025-09-08T11:02:00+01:00,buy,1.17287,1.17253,1.1739,0.00023,-1.0,SL,286.72,2.87,-2.87,283.85
584,2025-09-08T11:15:00+01:00,buy,1.17298,1.17263,1.17402,0.00023,-1.0,SL,283.85,2.84,-2.84,281.01
585,2025-09-08T11:21:00+01:00,buy,1.17282,1.17247,1.17386,0.00023,-1.0,SL,281.01,2.81,-2.81,278.2
586,2025-09-08T11:35:00+01:00,buy,1.17304,1.17274,1.17395,0.0002,3.0,TP,278.2,2.78,8.35,286.55
587,2025-09-08T11:36:00+01:00,buy,1.17308,1.17278,1.17397,0.0002,-1.0,SL,286.55,2.87,-2.87,283.69
588,2025-09-08T11:45:00+01:00,buy,1.17325,1.17295,1.17415,0.0002,-1.0,SL,283.69,2.84,-2.84,280.85
589,2025-09-08T12:00:00+01:00,buy,1.1737,1.17338,1.17465,0.00021,-1.0,SL,280.85,2.81,-2.81,278.04
590,2025-09-08T12:01:00+01:00,buy,1.17377,1.17345,1.17473,0.00021,-1.0,SL,278.04,2.78,-2.78,275.26
591,2025-09-08T12:02:00+01:00,buy,1.17381,1.1735,1.17475,0.00021,-1.0,SL,275.26,2.75,-2.75,272.51
592,2025-09-08T12:03:00+01:00,buy,1.17407,1.17374,1.17507,0.00022,-1.0,SL,272.51,2.73,-2.73,269.78
593,2025-09-08T12:04:00+01:00,buy,1.17418,1.17385,1.17518,0.00022,-1.0,SL,269.78,2.7,-2.7,267.08
594,2025-09-08T17:09:00+01:00,buy,1.17457,1.1742,1.17567,0.00024,-1.0,SL,267.08,2.67,-2.67,264.41
595,2025-09-08T17:10:00+01:00,buy,1.17466,1.1743,1.17574,0.00024,-1.0,SL,264.41,2.64,-2.64,261.77
596,2025-09-08T17:11:00+01:00,buy,1.17481,1.17445,1.17588,0.00024,-1.0,SL,261.77,2.62,-2.62,259.15
597,2025-09-08T17:13:00+01:00,buy,1.1752,1.17483,1.17631,0.00025,-1.0,SL,259.15,2.59,-2.59,256.56
598,2025-09-08T17:36:00+01:00,buy,1.17544,1.17507,1.17656,0.00025,-1.0,SL,256.56,2.57,-2.57,253.99
599,2025-09-08T22:51:00+01:00,buy,1.1756,1.1754,1.17619,0.00013,3.0,TP,253.99,2.54,7.62,261.61
600,2025-09-08T22:54:00+01:00,buy,1.17559,1.17538,1.17621,0.00014,3.0,TP,261.61,2.62,7.85,269.46
601,2025-09-08T22:55:00+01:00,buy,1.17587,1.17564,1.17655,0.00015,3.0,TP,269.46,2.69,8.08,277.55
602,2025-09-08T22:56:00+01:00,buy,1.17608,1.17582,1.17685,0.00017,-1.0,SL,277.55,2.78,-2.78,274.77
603,2025-09-08T22:57:00+01:00,buy,1.17613,1.17586,1.17694,0.00018,-1.0,SL,274.77,2.75,-2.75,272.02
604,2025-09-09T03:00:00+01:00,buy,1.1764,1.17626,1.17683,0.0001,3.0,TP,272.02,2.72,8.16,280.18
605,2025-09-09T03:01:00+01:00,buy,1.17646,1.17632,1.17689,0.0001,3.0,TP,280.18,2.8,8.41,288.59
606,2025-09-09T03:02:00+01:00,buy,1.17642,1.17628,1.17685,0.0001,3.0,TP,288.59,2.89,8.66,297.25
607,2025-09-09T03:03:00+01:00,buy,1.17649,1.17635,1.17691,9e-05,3.0,TP,297.25,2.97,8.92,306.16
608,2025-09-09T03:07:00+01:00,buy,1.17653,1.1764,1.17692,9e-05,3.0,TP,306.16,3.06,9.18,315.35
609,2025-09-09T03:11:00+01:00,buy,1.17669,1.17655,1.17711,9e-05,3.0,TP,315.35,3.15,9.46,324.81
610,2025-09-09T03:12:00+01:00,buy,1.17681,1.17666,1.17727,0.0001,-1.0,SL,324.81,3.25,-3.25,321.56
611,2025-09-09T03:13:00+01:00,buy,1.17685,1.17669,1.17733,0.00011,-1.0,SL,321.56,3.22,-3.22,318.35
612,2025-09-09T03:19:00+01:00,buy,1.1769,1.17674,1.17737,0.0001,-1.0,SL,318.35,3.18,-3.18,315.16
613,2025-09-09T03:20:00+01:00,buy,1.17704,1.17687,1.17754,0.00011,-1.0,SL,315.16,3.15,-3.15,312.01
614,2025-09-09T03:22:00+01:00,buy,1.17712,1.17694,1.17765,0.00012,-1.0,SL,312.01,3.12,-3.12,308.89
615,2025-09-09T03:23:00+01:00,buy,1.17724,1.17705,1.1778,0.00012,-1.0,SL,308.89,3.09,-3.09,305.8
616,2025-09-09T03:24:00+01:00,buy,1.17725,1.17707,1.17779,0.00012,-1.0,SL,305.8,3.06,-3.06,302.74
617,2025-09-09T05:48:00+01:00,buy,1.17724,1.17705,1.1778,0.00012,-1.0,SL,302.74,3.03,-3.03,299.72
618,2025-09-09T05:49:00+01:00,buy,1.17732,1.17713,1.17788,0.00012,-1.0,SL,299.72,3.0,-3.0,296.72
619,2025-09-09T05:53:00+01:00,buy,1.1777,1.1775,1.1783,0.00013,-1.0,SL,296.72,2.97,-2.97,293.75
620,2025-09-09T05:54:00+01:00,buy,1.17761,1.17741,1.17822,0.00013,-1.0,SL,293.75,2.94,-2.94,290.81
621,2025-09-09T05:55:00+01:00,buy,1.17768,1.17748,1.17829,0.00014,-1.0,SL,290.81,2.91,-2.91,287.91
622,2025-09-09T09:53:00+01:00,buy,1.17779,1.17759,1.1784,0.00014,-1.0,SL,287.91,2.88,-2.88,285.03
623,2025-09-09T09:54:00+01:00,buy,1.17793,1.17771,1.17858,0.00015,-1.0,SL,285.03,2.85,-2.85,282.18
624,2025-09-09T09:55:00+01:00,buy,1.17794,1.17772,1.1786,0.00015,-1.0,SL,282.18,2.82,-2.82,279.36
625,2025-09-10T08:16:00+01:00,buy,1.17108,1.17094,1.17149,9e-05,-1.0,SL,279.36,2.79,-2.79,276.56
626,2025-09-10T08:25:00+01:00,buy,1.1712,1.17106,1.17162,9e-05,-1.0,SL,276.56,2.77,-2.77,273.8
627,2025-09-10T08:48:00+01:00,buy,1.17118,1.17104,1.17161,0.0001,-1.0,SL,273.8,2.74,-2.74,271.06
628,2025-09-10T08:51:00+01:00,buy,1.17125,1.1711,1.1717,0.0001,-1.0,SL,271.06,2.71,-2.71,268.35
629,2025-09-10T08:52:00+01:00,buy,1.17125,1.1711,1.1717,0.0001,-1.0,SL,268.35,2.68,-2.68,265.66
630,2025-09-10T08:53:00+01:00,buy,1.17134,1.17118,1.17181,0.0001,-1.0,SL,265.66,2.66,-2.66,263.01
631,2025-09-10T08:58:00+01:00,buy,1.17143,1.17128,1.17187,0.0001,-1.0,SL,263.01,2.63,-2.63,260.38
632,2025-09-10T08:59:00+01:00,buy,1.17153,1.17138,1.17199,0.0001,-1.0,SL,260.38,2.6,-2.6,257.77
633,2025-09-10T09:06:00+01:00,buy,1.17152,1.17133,1.17209,0.00013,-1.0,SL,257.77,2.58,-2.58,255.2
634,2025-09-10T09:08:00+01:00,buy,1.17153,1.17134,1.17211,0.00013,-1.0,SL,255.2,2.55,-2.55,252.64
635,2025-09-11T16:31:00+01:00,buy,1.17138,1.17021,1.17488,0.00078,-1.0,SL,252.64,2.53,-2.53,250.12
636,2025-09-11T16:32:00+01:00,buy,1.17107,1.16987,1.17466,0.0008,-1.0,SL,250.12,2.5,-2.5,247.62
637,2025-09-11T16:33:00+01:00,buy,1.17106,1.16986,1.17467,0.0008,-1.0,SL,247.62,2.48,-2.48,245.14
638,2025-09-11T16:34:00+01:00,buy,1.17154,1.17036,1.17509,0.00079,-1.0,SL,245.14,2.45,-2.45,242.69
639,2025-09-11T16:35:00+01:00,buy,1.17197,1.17081,1.17545,0.00077,-1.0,SL,242.69,2.43,-2.43,240.26
640,2025-09-11T16:56:00+01:00,buy,1.17154,1.17052,1.17459,0.00068,3.0,TP,240.26,2.4,7.21,247.47
641,2025-09-11T16:57:00+01:00,buy,1.17157,1.17056,1.17459,0.00067,3.0,TP,247.47,2.47,7.42,254.89
642,2025-09-11T17:02:00+01:00,buy,1.17222,1.17128,1.17503,0.00062,0.0,timeout,254.89,2.55,0.0,254.89
643,2025-09-11T17:03:00+01:00,buy,1.17349,1.17247,1.17656,0.00068,-1.0,SL,254.89,2.55,-2.55,252.34
644,2025-09-11T17:05:00+01:00,buy,1.17346,1.17243,1.17654,0.00069,-1.0,SL,252.34,2.52,-2.52,249.82
645,2025-09-11T18:18:00+01:00,buy,1.17441,1.17392,1.17589,0.00033,-1.0,SL,249.82,2.5,-2.5,247.32
